transaction_id,transaction_date,transaction_time,transaction_qty,store_id,store_location,product_id,unit_price,product_category,product_type,product_detail
1,01/01/2023,07:06:11,2,5,Lower Manhattan,32,3,Coffee,Gourmet brewed coffee,Ethiopia Rg
2,01/01/2023,07:08:56,2,5,Lower Manhattan,57,3.1,Tea,Brewed Chai tea,Spicy Eye Opener Chai Lg
3,01/01/2023,07:14:04,2,5,Lower Manhattan,59,4.5,Drinking Chocolate,Hot chocolate,Dark chocolate Lg
4,01/01/2023,07:20:24,1,5,Lower Manhattan,22,2,Coffee,Drip coffee,Our Old Time Diner Blend Sm
5,01/01/2023,07:22:41,2,5,Lower Manhattan,57,3.1,Tea,Brewed Chai tea,Spicy Eye Opener Chai Lg
6,01/01/2023,07:22:41,1,5,Lower Manhattan,77,3,Bakery,Scone,Oatmeal Scone
7,01/01/2023,07:25:49,1,5,Lower Manhattan,22,2,Coffee,Drip coffee,Our Old Time Diner Blend Sm
8,01/01/2023,07:33:34,2,5,Lower Manhattan,28,2,Coffee,Gourmet brewed coffee,Columbian Medium Roast Sm
9,01/01/2023,07:39:13,1,5,Lower Manhattan,39,4.25,Coffee,Barista Espresso,Latte Rg
10,01/01/2023,07:39:34,2,5,Lower Manhattan,58,3.5,Drinking Chocolate,Hot chocolate,Dark chocolate Rg
11,01/01/2023,07:43:05,1,5,Lower Manhattan,56,2.55,Tea,Brewed Chai tea,Spicy Eye Opener Chai Rg
12,01/01/2023,07:44:35,2,5,Lower Manhattan,33,3.5,Coffee,Gourmet brewed coffee,Ethiopia Lg
13,01/01/2023,07:45:51,1,5,Lower Manhattan,51,3,Tea,Brewed Black tea,Earl Grey Lg
14,01/01/2023,07:48:19,1,5,Lower Manhattan,57,3.1,Tea,Brewed Chai tea,Spicy Eye Opener Chai Lg
15,01/01/2023,07:52:36,2,5,Lower Manhattan,87,3,Coffee,Barista Espresso,Ouro Brasileiro shot
16,01/01/2023,07:59:58,2,5,Lower Manhattan,47,3,Tea,Brewed Green tea,Serenity Green Tea Lg
17,01/01/2023,07:59:58,1,5,Lower Manhattan,79,3.75,Bakery,Scone,Jumbo Savory Scone
18,01/01/2023,08:00:18,1,8,Hell's Kitchen,42,2.5,Tea,Brewed herbal tea,Lemon Grass Rg
19,01/01/2023,08:00:39,2,8,Hell's Kitchen,59,4.5,Drinking Chocolate,Hot chocolate,Dark chocolate Lg
20,01/01/2023,08:11:45,1,8,Hell's Kitchen,61,4.75,Drinking Chocolate,Hot chocolate,Sustainably Grown Organic Lg
21,01/01/2023,08:17:27,2,8,Hell's Kitchen,33,3.5,Coffee,Gourmet brewed coffee,Ethiopia Lg
22,01/01/2023,08:24:26,2,5,Lower Manhattan,56,2.55,Tea,Brewed Chai tea,Spicy Eye Opener Chai Rg
23,01/01/2023,08:24:26,1,5,Lower Manhattan,69,3.25,Bakery,Biscotti,Hazelnut Biscotti
24,01/01/2023,08:29:38,1,8,Hell's Kitchen,56,2.55,Tea,Brewed Chai tea,Spicy Eye Opener Chai Rg
25,01/01/2023,08:31:23,1,8,Hell's Kitchen,40,3.75,Coffee,Barista Espresso,Cappuccino
26,01/01/2023,08:33:08,1,5,Lower Manhattan,43,3,Tea,Brewed herbal tea,Lemon Grass Lg
27,01/01/2023,08:33:08,1,5,Lower Manhattan,76,3.5,Bakery,Biscotti,Chocolate Chip Biscotti
28,01/01/2023,08:35:03,2,5,Lower Manhattan,45,3,Tea,Brewed herbal tea,Peppermint Lg
29,01/01/2023,08:35:03,1,5,Lower Manhattan,71,3.75,Bakery,Pastry,Chocolate Croissant
30,01/01/2023,08:41:57,2,8,Hell's Kitchen,40,3.75,Coffee,Barista Espresso,Cappuccino
31,01/01/2023,08:52:03,1,8,Hell's Kitchen,38,3.75,Coffee,Barista Espresso,Latte
32,01/01/2023,08:52:32,1,5,Lower Manhattan,26,3,Coffee,Organic brewed coffee,Brazilian Rg
33,01/01/2023,08:54:33,2,5,Lower Manhattan,27,3.5,Coffee,Organic brewed coffee,Brazilian Lg
34,01/01/2023,08:56:27,2,5,Lower Manhattan,29,2.5,Coffee,Gourmet brewed coffee,Columbian Medium Roast Rg
35,01/01/2023,08:57:46,1,8,Hell's Kitchen,54,2.5,Tea,Brewed Chai tea,Morning Sunrise Chai Rg
36,01/01/2023,08:58:55,1,5,Lower Manhattan,26,3,Coffee,Organic brewed coffee,Brazilian Rg
37,01/01/2023,09:00:12,1,5,Lower Manhattan,55,4,Tea,Brewed Chai tea,Morning Sunrise Chai Lg
38,01/01/2023,09:00:24,2,8,Hell's Kitchen,40,3.75,Coffee,Barista Espresso,Cappuccino
39,01/01/2023,09:07:13,1,8,Hell's Kitchen,45,3,Tea,Brewed herbal tea,Peppermint Lg
40,01/01/2023,09:08:09,2,8,Hell's Kitchen,45,3,Tea,Brewed herbal tea,Peppermint Lg
41,01/01/2023,09:08:13,1,8,Hell's Kitchen,24,3,Coffee,Drip coffee,Our Old Time Diner Blend Lg
42,01/01/2023,09:10:30,2,5,Lower Manhattan,60,3.75,Drinking Chocolate,Hot chocolate,Sustainably Grown Organic Rg
43,01/01/2023,09:10:30,1,5,Lower Manhattan,78,4.5,Bakery,Scone,Scottish Cream Scone 
44,01/01/2023,09:11:06,1,5,Lower Manhattan,56,2.55,Tea,Brewed Chai tea,Spicy Eye Opener Chai Rg
45,01/01/2023,09:11:06,1,5,Lower Manhattan,77,3,Bakery,Scone,Oatmeal Scone
46,01/01/2023,09:13:01,1,5,Lower Manhattan,44,2.5,Tea,Brewed herbal tea,Peppermint Rg
47,01/01/2023,09:13:15,2,5,Lower Manhattan,56,2.55,Tea,Brewed Chai tea,Spicy Eye Opener Chai Rg
48,01/01/2023,09:14:16,1,5,Lower Manhattan,48,2.5,Tea,Brewed Black tea,English Breakfast Rg
49,01/01/2023,09:14:17,1,8,Hell's Kitchen,23,2.5,Coffee,Drip coffee,Our Old Time Diner Blend Rg
50,01/01/2023,09:14:25,1,8,Hell's Kitchen,46,2.5,Tea,Brewed Green tea,Serenity Green Tea Rg
51,01/01/2023,09:14:41,1,8,Hell's Kitchen,32,3,Coffee,Gourmet brewed coffee,Ethiopia Rg
52,01/01/2023,09:15:09,2,5,Lower Manhattan,47,3,Tea,Brewed Green tea,Serenity Green Tea Lg
53,01/01/2023,09:15:13,2,5,Lower Manhattan,43,3,Tea,Brewed herbal tea,Lemon Grass Lg
54,01/01/2023,09:19:21,2,5,Lower Manhattan,25,2.2,Coffee,Organic brewed coffee,Brazilian Sm
55,01/01/2023,09:19:26,1,8,Hell's Kitchen,59,4.5,Drinking Chocolate,Hot chocolate,Dark chocolate Lg
56,01/01/2023,09:21:08,1,5,Lower Manhattan,38,3.75,Coffee,Barista Espresso,Latte
57,01/01/2023,09:22:17,1,8,Hell's Kitchen,45,3,Tea,Brewed herbal tea,Peppermint Lg
58,01/01/2023,09:22:46,1,5,Lower Manhattan,34,2.45,Coffee,Premium brewed coffee,Jamaican Coffee River Sm
59,01/01/2023,09:29:56,2,8,Hell's Kitchen,36,3.75,Coffee,Premium brewed coffee,Jamaican Coffee River Lg
60,01/01/2023,09:29:56,1,8,Hell's Kitchen,74,3.5,Bakery,Biscotti,Ginger Biscotti
61,01/01/2023,09:29:57,1,8,Hell's Kitchen,53,3,Tea,Brewed Chai tea,Traditional Blend Chai Lg
62,01/01/2023,09:34:17,2,8,Hell's Kitchen,41,4.25,Coffee,Barista Espresso,Cappuccino Lg
63,01/01/2023,09:40:13,1,5,Lower Manhattan,41,4.25,Coffee,Barista Espresso,Cappuccino Lg
64,01/01/2023,09:41:22,2,5,Lower Manhattan,45,3,Tea,Brewed herbal tea,Peppermint Lg
65,01/01/2023,09:41:22,1,5,Lower Manhattan,79,3.75,Bakery,Scone,Jumbo Savory Scone
66,01/01/2023,09:44:20,2,5,Lower Manhattan,54,2.5,Tea,Brewed Chai tea,Morning Sunrise Chai Rg
67,01/01/2023,09:44:46,1,5,Lower Manhattan,24,3,Coffee,Drip coffee,Our Old Time Diner Blend Lg
68,01/01/2023,09:46:46,2,5,Lower Manhattan,37,3,Coffee,Barista Espresso,Espresso shot
69,01/01/2023,09:47:40,2,8,Hell's Kitchen,40,3.75,Coffee,Barista Espresso,Cappuccino
70,01/01/2023,09:50:44,2,5,Lower Manhattan,37,3,Coffee,Barista Espresso,Espresso shot
71,01/01/2023,09:50:44,1,5,Lower Manhattan,69,3.25,Bakery,Biscotti,Hazelnut Biscotti
72,01/01/2023,09:52:58,1,5,Lower Manhattan,50,2.5,Tea,Brewed Black tea,Earl Grey Rg
73,01/01/2023,09:53:28,1,8,Hell's Kitchen,47,3,Tea,Brewed Green tea,Serenity Green Tea Lg
74,01/01/2023,09:53:44,2,8,Hell's Kitchen,40,3.75,Coffee,Barista Espresso,Cappuccino
75,01/01/2023,09:53:44,1,8,Hell's Kitchen,72,3.25,Bakery,Scone,Ginger Scone
76,01/01/2023,09:53:49,1,8,Hell's Kitchen,35,3.1,Coffee,Premium brewed coffee,Jamaican Coffee River Rg
77,01/01/2023,09:54:46,1,5,Lower Manhattan,23,2.5,Coffee,Drip coffee,Our Old Time Diner Blend Rg
78,01/01/2023,09:55:16,2,5,Lower Manhattan,43,3,Tea,Brewed herbal tea,Lemon Grass Lg
79,01/01/2023,09:56:30,1,8,Hell's Kitchen,22,2,Coffee,Drip coffee,Our Old Time Diner Blend Sm
80,01/01/2023,10:00:39,2,8,Hell's Kitchen,32,3,Coffee,Gourmet brewed coffee,Ethiopia Rg
81,01/01/2023,10:03:55,2,8,Hell's Kitchen,36,3.75,Coffee,Premium brewed coffee,Jamaican Coffee River Lg
82,01/01/2023,10:14:49,1,5,Lower Manhattan,26,3,Coffee,Organic brewed coffee,Brazilian Rg
83,01/01/2023,10:14:49,1,5,Lower Manhattan,71,3.75,Bakery,Pastry,Chocolate Croissant
84,01/01/2023,10:16:30,2,5,Lower Manhattan,32,3,Coffee,Gourmet brewed coffee,Ethiopia Rg
85,01/01/2023,10:16:33,1,8,Hell's Kitchen,54,2.5,Tea,Brewed Chai tea,Morning Sunrise Chai Rg
86,01/01/2023,10:18:14,2,8,Hell's Kitchen,41,4.25,Coffee,Barista Espresso,Cappuccino Lg
87,01/01/2023,10:18:52,2,5,Lower Manhattan,25,2.2,Coffee,Organic brewed coffee,Brazilian Sm
88,01/01/2023,10:19:42,2,5,Lower Manhattan,23,2.5,Coffee,Drip coffee,Our Old Time Diner Blend Rg
89,01/01/2023,10:24:19,1,8,Hell's Kitchen,54,2.5,Tea,Brewed Chai tea,Morning Sunrise Chai Rg
90,01/01/2023,10:25:22,2,8,Hell's Kitchen,56,2.55,Tea,Brewed Chai tea,Spicy Eye Opener Chai Rg
91,01/01/2023,10:25:45,2,5,Lower Manhattan,58,3.5,Drinking Chocolate,Hot chocolate,Dark chocolate Rg
92,01/01/2023,10:25:45,1,5,Lower Manhattan,74,3.5,Bakery,Biscotti,Ginger Biscotti
93,01/01/2023,10:27:48,2,8,Hell's Kitchen,47,3,Tea,Brewed Green tea,Serenity Green Tea Lg
94,01/01/2023,10:30:07,1,5,Lower Manhattan,35,3.1,Coffee,Premium brewed coffee,Jamaican Coffee River Rg
95,01/01/2023,10:30:07,1,5,Lower Manhattan,70,3.25,Bakery,Scone,Cranberry Scone
96,01/01/2023,10:35:47,1,8,Hell's Kitchen,60,3.75,Drinking Chocolate,Hot chocolate,Sustainably Grown Organic Rg
97,01/01/2023,10:41:53,1,5,Lower Manhattan,59,4.5,Drinking Chocolate,Hot chocolate,Dark chocolate Lg
98,01/01/2023,10:47:53,2,5,Lower Manhattan,36,3.75,Coffee,Premium brewed coffee,Jamaican Coffee River Lg
99,01/01/2023,10:49:13,2,8,Hell's Kitchen,51,3,Tea,Brewed Black tea,Earl Grey Lg
100,01/01/2023,10:49:51,2,5,Lower Manhattan,61,4.75,Drinking Chocolate,Hot chocolate,Sustainably Grown Organic Lg
101,01/01/2023,10:51:17,1,5,Lower Manhattan,47,3,Tea,Brewed Green tea,Serenity Green Tea Lg
102,01/01/2023,10:52:44,2,8,Hell's Kitchen,23,2.5,Coffee,Drip coffee,Our Old Time Diner Blend Rg
103,01/01/2023,10:52:44,1,8,Hell's Kitchen,73,3.75,Bakery,Pastry,Almond Croissant
104,01/01/2023,10:56:14,1,5,Lower Manhattan,38,3.75,Coffee,Barista Espresso,Latte
105,01/01/2023,10:56:14,1,5,Lower Manhattan,76,3.5,Bakery,Biscotti,Chocolate Chip Biscotti
106,01/01/2023,11:01:48,1,3,Astoria,22,2,Coffee,Drip coffee,Our Old Time Diner Blend Sm
107,01/01/2023,11:01:58,1,3,Astoria,38,3.75,Coffee,Barista Espresso,Latte
108,01/01/2023,11:01:58,1,3,Astoria,75,3.5,Bakery,Pastry,Croissant
109,01/01/2023,11:03:25,2,5,Lower Manhattan,47,3,Tea,Brewed Green tea,Serenity Green Tea Lg
110,01/01/2023,11:03:25,1,5,Lower Manhattan,75,3.5,Bakery,Pastry,Croissant
111,01/01/2023,11:04:32,2,8,Hell's Kitchen,39,4.25,Coffee,Barista Espresso,Latte Rg
112,01/01/2023,11:08:11,1,3,Astoria,59,4.5,Drinking Chocolate,Hot chocolate,Dark chocolate Lg
113,01/01/2023,11:08:59,2,8,Hell's Kitchen,51,3,Tea,Brewed Black tea,Earl Grey Lg
114,01/01/2023,11:09:01,1,3,Astoria,59,4.5,Drinking Chocolate,Hot chocolate,Dark chocolate Lg
115,01/01/2023,11:10:21,1,3,Astoria,47,3,Tea,Brewed Green tea,Serenity Green Tea Lg
116,01/01/2023,11:10:21,1,3,Astoria,79,3.75,Bakery,Scone,Jumbo Savory Scone
117,01/01/2023,11:10:58,1,3,Astoria,46,2.5,Tea,Brewed Green tea,Serenity Green Tea Rg
118,01/01/2023,11:12:29,1,3,Astoria,43,3,Tea,Brewed herbal tea,Lemon Grass Lg
119,01/01/2023,11:16:02,2,3,Astoria,45,3,Tea,Brewed herbal tea,Peppermint Lg
120,01/01/2023,11:21:00,2,8,Hell's Kitchen,54,2.5,Tea,Brewed Chai tea,Morning Sunrise Chai Rg
121,01/01/2023,11:21:04,2,5,Lower Manhattan,51,3,Tea,Brewed Black tea,Earl Grey Lg
122,01/01/2023,11:21:14,1,3,Astoria,60,3.75,Drinking Chocolate,Hot chocolate,Sustainably Grown Organic Rg
123,01/01/2023,11:23:01,1,8,Hell's Kitchen,31,2.2,Coffee,Gourmet brewed coffee,Ethiopia Sm
124,01/01/2023,11:23:43,2,5,Lower Manhattan,60,3.75,Drinking Chocolate,Hot chocolate,Sustainably Grown Organic Rg
125,01/01/2023,11:23:43,1,5,Lower Manhattan,77,3,Bakery,Scone,Oatmeal Scone
126,01/01/2023,11:25:35,2,3,Astoria,49,3,Tea,Brewed Black tea,English Breakfast Lg
127,01/01/2023,11:25:37,2,5,Lower Manhattan,40,3.75,Coffee,Barista Espresso,Cappuccino
128,01/01/2023,11:28:15,2,8,Hell's Kitchen,44,2.5,Tea,Brewed herbal tea,Peppermint Rg
129,01/01/2023,11:28:29,2,3,Astoria,33,3.5,Coffee,Gourmet brewed coffee,Ethiopia Lg
130,01/01/2023,11:29:25,2,5,Lower Manhattan,56,2.55,Tea,Brewed Chai tea,Spicy Eye Opener Chai Rg
131,01/01/2023,11:29:57,2,8,Hell's Kitchen,35,3.1,Coffee,Premium brewed coffee,Jamaican Coffee River Rg
132,01/01/2023,11:29:57,1,8,Hell's Kitchen,78,4.5,Bakery,Scone,Scottish Cream Scone 
133,01/01/2023,11:30:22,1,8,Hell's Kitchen,23,2.5,Coffee,Drip coffee,Our Old Time Diner Blend Rg
134,01/01/2023,11:31:35,1,8,Hell's Kitchen,24,3,Coffee,Drip coffee,Our Old Time Diner Blend Lg
135,01/01/2023,11:31:43,2,5,Lower Manhattan,51,3,Tea,Brewed Black tea,Earl Grey Lg
136,01/01/2023,11:31:43,1,5,Lower Manhattan,72,3.25,Bakery,Scone,Ginger Scone
137,01/01/2023,11:31:53,2,5,Lower Manhattan,54,2.5,Tea,Brewed Chai tea,Morning Sunrise Chai Rg
138,01/01/2023,11:31:53,1,5,Lower Manhattan,75,3.5,Bakery,Pastry,Croissant
139,01/01/2023,11:39:14,1,5,Lower Manhattan,60,3.75,Drinking Chocolate,Hot chocolate,Sustainably Grown Organic Rg
140,01/01/2023,11:39:14,1,5,Lower Manhattan,71,3.75,Bakery,Pastry,Chocolate Croissant
141,01/01/2023,11:40:26,2,3,Astoria,52,2.5,Tea,Brewed Chai tea,Traditional Blend Chai Rg
142,01/01/2023,11:43:57,2,3,Astoria,25,2.2,Coffee,Organic brewed coffee,Brazilian Sm
143,01/01/2023,11:44:09,1,5,Lower Manhattan,38,3.75,Coffee,Barista Espresso,Latte
144,01/01/2023,11:47:13,1,3,Astoria,30,3,Coffee,Gourmet brewed coffee,Columbian Medium Roast Lg
145,01/01/2023,11:48:56,2,8,Hell's Kitchen,50,2.5,Tea,Brewed Black tea,Earl Grey Rg
146,01/01/2023,11:49:42,1,8,Hell's Kitchen,54,2.5,Tea,Brewed Chai tea,Morning Sunrise Chai Rg
147,01/01/2023,11:49:42,1,8,Hell's Kitchen,72,3.25,Bakery,Scone,Ginger Scone
148,01/01/2023,11:50:16,2,3,Astoria,26,3,Coffee,Organic brewed coffee,Brazilian Rg
149,01/01/2023,11:50:23,2,3,Astoria,36,3.75,Coffee,Premium brewed coffee,Jamaican Coffee River Lg
150,01/01/2023,11:50:58,2,5,Lower Manhattan,45,3,Tea,Brewed herbal tea,Peppermint Lg
151,01/01/2023,11:51:30,2,8,Hell's Kitchen,33,3.5,Coffee,Gourmet brewed coffee,Ethiopia Lg
152,01/01/2023,11:52:31,1,5,Lower Manhattan,57,3.1,Tea,Brewed Chai tea,Spicy Eye Opener Chai Lg
153,01/01/2023,11:57:17,2,3,Astoria,37,3,Coffee,Barista Espresso,Espresso shot
154,01/01/2023,11:57:59,1,3,Astoria,50,2.5,Tea,Brewed Black tea,Earl Grey Rg
155,01/01/2023,11:57:59,1,3,Astoria,79,3.75,Bakery,Scone,Jumbo Savory Scone
156,01/01/2023,11:58:15,2,3,Astoria,60,3.75,Drinking Chocolate,Hot chocolate,Sustainably Grown Organic Rg
157,01/01/2023,12:00:20,1,5,Lower Manhattan,29,2.5,Coffee,Gourmet brewed coffee,Columbian Medium Roast Rg
158,01/01/2023,12:01:00,2,3,Astoria,49,3,Tea,Brewed Black tea,English Breakfast Lg
159,01/01/2023,12:01:20,2,3,Astoria,35,3.1,Coffee,Premium brewed coffee,Jamaican Coffee River Rg
160,01/01/2023,12:01:20,1,3,Astoria,75,3.5,Bakery,Pastry,Croissant
161,01/01/2023,12:03:09,1,8,Hell's Kitchen,36,3.75,Coffee,Premium brewed coffee,Jamaican Coffee River Lg
162,01/01/2023,12:03:38,1,8,Hell's Kitchen,47,3,Tea,Brewed Green tea,Serenity Green Tea Lg
163,01/01/2023,12:03:43,1,3,Astoria,44,2.5,Tea,Brewed herbal tea,Peppermint Rg
164,01/01/2023,12:04:22,2,8,Hell's Kitchen,27,3.5,Coffee,Organic brewed coffee,Brazilian Lg
165,01/01/2023,12:05:31,2,3,Astoria,52,2.5,Tea,Brewed Chai tea,Traditional Blend Chai Rg
166,01/01/2023,12:06:29,1,5,Lower Manhattan,46,2.5,Tea,Brewed Green tea,Serenity Green Tea Rg
167,01/01/2023,12:07:42,1,8,Hell's Kitchen,24,3,Coffee,Drip coffee,Our Old Time Diner Blend Lg
168,01/01/2023,12:08:21,1,5,Lower Manhattan,43,3,Tea,Brewed herbal tea,Lemon Grass Lg
169,01/01/2023,12:08:36,1,8,Hell's Kitchen,35,3.1,Coffee,Premium brewed coffee,Jamaican Coffee River Rg
170,01/01/2023,12:09:11,2,3,Astoria,28,2,Coffee,Gourmet brewed coffee,Columbian Medium Roast Sm
171,01/01/2023,12:09:12,2,8,Hell's Kitchen,50,2.5,Tea,Brewed Black tea,Earl Grey Rg
172,01/01/2023,12:13:07,2,5,Lower Manhattan,38,3.75,Coffee,Barista Espresso,Latte
173,01/01/2023,12:14:26,2,8,Hell's Kitchen,35,3.1,Coffee,Premium brewed coffee,Jamaican Coffee River Rg
174,01/01/2023,12:17:38,2,8,Hell's Kitchen,50,2.5,Tea,Brewed Black tea,Earl Grey Rg
175,01/01/2023,12:18:07,2,5,Lower Manhattan,25,2.2,Coffee,Organic brewed coffee,Brazilian Sm
176,01/01/2023,12:18:44,2,3,Astoria,49,3,Tea,Brewed Black tea,English Breakfast Lg
177,01/01/2023,12:20:16,2,3,Astoria,60,3.75,Drinking Chocolate,Hot chocolate,Sustainably Grown Organic Rg
178,01/01/2023,12:23:39,1,3,Astoria,24,3,Coffee,Drip coffee,Our Old Time Diner Blend Lg
179,01/01/2023,12:27:06,2,5,Lower Manhattan,41,4.25,Coffee,Barista Espresso,Cappuccino Lg
180,01/01/2023,12:30:46,2,3,Astoria,44,2.5,Tea,Brewed herbal tea,Peppermint Rg
181,01/01/2023,12:30:49,1,8,Hell's Kitchen,38,3.75,Coffee,Barista Espresso,Latte
182,01/01/2023,12:33:20,2,3,Astoria,54,2.5,Tea,Brewed Chai tea,Morning Sunrise Chai Rg
183,01/01/2023,12:33:35,2,3,Astoria,29,2.5,Coffee,Gourmet brewed coffee,Columbian Medium Roast Rg
184,01/01/2023,12:35:53,2,5,Lower Manhattan,31,2.2,Coffee,Gourmet brewed coffee,Ethiopia Sm
185,01/01/2023,12:36:57,1,8,Hell's Kitchen,60,3.75,Drinking Chocolate,Hot chocolate,Sustainably Grown Organic Rg
186,01/01/2023,12:38:28,2,8,Hell's Kitchen,49,3,Tea,Brewed Black tea,English Breakfast Lg
187,01/01/2023,12:42:26,1,3,Astoria,53,3,Tea,Brewed Chai tea,Traditional Blend Chai Lg
188,01/01/2023,12:44:01,1,8,Hell's Kitchen,60,3.75,Drinking Chocolate,Hot chocolate,Sustainably Grown Organic Rg
189,01/01/2023,12:44:31,1,3,Astoria,53,3,Tea,Brewed Chai tea,Traditional Blend Chai Lg
190,01/01/2023,12:44:32,1,3,Astoria,52,2.5,Tea,Brewed Chai tea,Traditional Blend Chai Rg
191,01/01/2023,12:45:52,2,3,Astoria,28,2,Coffee,Gourmet brewed coffee,Columbian Medium Roast Sm
192,01/01/2023,12:46:22,1,3,Astoria,56,2.55,Tea,Brewed Chai tea,Spicy Eye Opener Chai Rg
193,01/01/2023,12:46:26,1,3,Astoria,23,2.5,Coffee,Drip coffee,Our Old Time Diner Blend Rg
194,01/01/2023,12:46:55,1,3,Astoria,33,3.5,Coffee,Gourmet brewed coffee,Ethiopia Lg
195,01/01/2023,12:46:55,1,3,Astoria,75,3.5,Bakery,Pastry,Croissant
196,01/01/2023,12:48:08,2,3,Astoria,38,3.75,Coffee,Barista Espresso,Latte
197,01/01/2023,12:49:48,1,8,Hell's Kitchen,30,3,Coffee,Gourmet brewed coffee,Columbian Medium Roast Lg
198,01/01/2023,12:50:15,1,3,Astoria,59,4.5,Drinking Chocolate,Hot chocolate,Dark chocolate Lg
199,01/01/2023,12:50:28,2,3,Astoria,32,3,Coffee,Gourmet brewed coffee,Ethiopia Rg
200,01/01/2023,12:51:21,1,8,Hell's Kitchen,53,3,Tea,Brewed Chai tea,Traditional Blend Chai Lg
201,01/01/2023,12:51:57,1,5,Lower Manhattan,61,4.75,Drinking Chocolate,Hot chocolate,Sustainably Grown Organic Lg
202,01/01/2023,12:51:57,1,5,Lower Manhattan,72,3.25,Bakery,Scone,Ginger Scone
203,01/01/2023,12:52:18,1,5,Lower Manhattan,56,2.55,Tea,Brewed Chai tea,Spicy Eye Opener Chai Rg
204,01/01/2023,12:52:18,1,5,Lower Manhattan,75,3.5,Bakery,Pastry,Croissant
205,01/01/2023,12:53:11,2,8,Hell's Kitchen,29,2.5,Coffee,Gourmet brewed coffee,Columbian Medium Roast Rg
206,01/01/2023,12:53:59,1,8,Hell's Kitchen,37,3,Coffee,Barista Espresso,Espresso shot
207,01/01/2023,12:55:25,1,3,Astoria,49,3,Tea,Brewed Black tea,English Breakfast Lg
208,01/01/2023,12:55:27,1,5,Lower Manhattan,57,3.1,Tea,Brewed Chai tea,Spicy Eye Opener Chai Lg
209,01/01/2023,12:55:27,1,5,Lower Manhattan,75,3.5,Bakery,Pastry,Croissant
210,01/01/2023,12:55:36,1,8,Hell's Kitchen,45,3,Tea,Brewed herbal tea,Peppermint Lg
211,01/01/2023,12:55:53,2,8,Hell's Kitchen,26,3,Coffee,Organic brewed coffee,Brazilian Rg
212,01/01/2023,12:56:33,1,3,Astoria,61,4.75,Drinking Chocolate,Hot chocolate,Sustainably Grown Organic Lg
213,01/01/2023,12:56:59,1,3,Astoria,47,3,Tea,Brewed Green tea,Serenity Green Tea Lg
214,01/01/2023,12:58:54,2,3,Astoria,44,2.5,Tea,Brewed herbal tea,Peppermint Rg
215,01/01/2023,12:59:06,1,8,Hell's Kitchen,36,3.75,Coffee,Premium brewed coffee,Jamaican Coffee River Lg
216,01/01/2023,13:00:38,2,5,Lower Manhattan,30,3,Coffee,Gourmet brewed coffee,Columbian Medium Roast Lg
217,01/01/2023,13:01:33,2,5,Lower Manhattan,25,2.2,Coffee,Organic brewed coffee,Brazilian Sm
218,01/01/2023,13:02:40,1,8,Hell's Kitchen,49,3,Tea,Brewed Black tea,English Breakfast Lg
219,01/01/2023,13:02:40,1,8,Hell's Kitchen,78,4.5,Bakery,Scone,Scottish Cream Scone 
220,01/01/2023,13:02:52,1,8,Hell's Kitchen,26,3,Coffee,Organic brewed coffee,Brazilian Rg
221,01/01/2023,13:03:13,2,3,Astoria,43,3,Tea,Brewed herbal tea,Lemon Grass Lg
222,01/01/2023,13:04:01,2,8,Hell's Kitchen,25,2.2,Coffee,Organic brewed coffee,Brazilian Sm
223,01/01/2023,13:04:01,1,8,Hell's Kitchen,72,3.25,Bakery,Scone,Ginger Scone
224,01/01/2023,13:04:22,2,8,Hell's Kitchen,42,2.5,Tea,Brewed herbal tea,Lemon Grass Rg
225,01/01/2023,13:04:37,2,8,Hell's Kitchen,54,2.5,Tea,Brewed Chai tea,Morning Sunrise Chai Rg
226,01/01/2023,13:04:51,1,3,Astoria,22,2,Coffee,Drip coffee,Our Old Time Diner Blend Sm
227,01/01/2023,13:05:56,1,3,Astoria,58,3.5,Drinking Chocolate,Hot chocolate,Dark chocolate Rg
228,01/01/2023,13:07:37,2,5,Lower Manhattan,24,3,Coffee,Drip coffee,Our Old Time Diner Blend Lg
229,01/01/2023,13:09:03,1,3,Astoria,35,3.1,Coffee,Premium brewed coffee,Jamaican Coffee River Rg
230,01/01/2023,13:12:03,2,5,Lower Manhattan,30,3,Coffee,Gourmet brewed coffee,Columbian Medium Roast Lg
231,01/01/2023,13:13:09,1,5,Lower Manhattan,60,3.75,Drinking Chocolate,Hot chocolate,Sustainably Grown Organic Rg
232,01/01/2023,13:17:30,1,8,Hell's Kitchen,56,2.55,Tea,Brewed Chai tea,Spicy Eye Opener Chai Rg
233,01/01/2023,13:17:32,2,3,Astoria,55,4,Tea,Brewed Chai tea,Morning Sunrise Chai Lg
234,01/01/2023,13:18:34,2,8,Hell's Kitchen,49,3,Tea,Brewed Black tea,English Breakfast Lg
235,01/01/2023,13:19:09,1,8,Hell's Kitchen,55,4,Tea,Brewed Chai tea,Morning Sunrise Chai Lg
236,01/01/2023,13:19:09,1,8,Hell's Kitchen,75,3.5,Bakery,Pastry,Croissant
237,01/01/2023,13:19:36,1,3,Astoria,23,2.5,Coffee,Drip coffee,Our Old Time Diner Blend Rg
238,01/01/2023,13:19:56,2,8,Hell's Kitchen,31,2.2,Coffee,Gourmet brewed coffee,Ethiopia Sm
239,01/01/2023,13:20:51,2,3,Astoria,35,3.1,Coffee,Premium brewed coffee,Jamaican Coffee River Rg
240,01/01/2023,13:21:23,2,3,Astoria,38,3.75,Coffee,Barista Espresso,Latte
241,01/01/2023,13:22:11,1,5,Lower Manhattan,23,2.5,Coffee,Drip coffee,Our Old Time Diner Blend Rg
242,01/01/2023,13:22:45,2,3,Astoria,46,2.5,Tea,Brewed Green tea,Serenity Green Tea Rg
243,01/01/2023,13:23:54,2,3,Astoria,58,3.5,Drinking Chocolate,Hot chocolate,Dark chocolate Rg
244,01/01/2023,13:24:29,2,5,Lower Manhattan,60,3.75,Drinking Chocolate,Hot chocolate,Sustainably Grown Organic Rg
245,01/01/2023,13:30:49,2,5,Lower Manhattan,31,2.2,Coffee,Gourmet brewed coffee,Ethiopia Sm
246,01/01/2023,13:32:07,2,5,Lower Manhattan,25,2.2,Coffee,Organic brewed coffee,Brazilian Sm
247,01/01/2023,13:32:34,1,5,Lower Manhattan,87,3,Coffee,Barista Espresso,Ouro Brasileiro shot
248,01/01/2023,13:34:12,2,3,Astoria,28,2,Coffee,Gourmet brewed coffee,Columbian Medium Roast Sm
249,01/01/2023,13:38:09,1,8,Hell's Kitchen,27,3.5,Coffee,Organic brewed coffee,Brazilian Lg
250,01/01/2023,13:38:11,2,8,Hell's Kitchen,40,3.75,Coffee,Barista Espresso,Cappuccino
251,01/01/2023,13:39:41,1,5,Lower Manhattan,51,3,Tea,Brewed Black tea,Earl Grey Lg
252,01/01/2023,13:40:47,2,3,Astoria,54,2.5,Tea,Brewed Chai tea,Morning Sunrise Chai Rg
253,01/01/2023,13:41:09,2,3,Astoria,42,2.5,Tea,Brewed herbal tea,Lemon Grass Rg
254,01/01/2023,13:42:10,1,3,Astoria,43,3,Tea,Brewed herbal tea,Lemon Grass Lg
255,01/01/2023,13:42:49,1,5,Lower Manhattan,36,3.75,Coffee,Premium brewed coffee,Jamaican Coffee River Lg
256,01/01/2023,13:42:58,1,5,Lower Manhattan,52,2.5,Tea,Brewed Chai tea,Traditional Blend Chai Rg
257,01/01/2023,13:42:58,1,5,Lower Manhattan,72,3.25,Bakery,Scone,Ginger Scone
258,01/01/2023,13:43:18,2,3,Astoria,54,2.5,Tea,Brewed Chai tea,Morning Sunrise Chai Rg
259,01/01/2023,13:43:18,1,3,Astoria,69,3.25,Bakery,Biscotti,Hazelnut Biscotti
260,01/01/2023,13:43:41,2,5,Lower Manhattan,25,2.2,Coffee,Organic brewed coffee,Brazilian Sm
261,01/01/2023,13:44:26,1,3,Astoria,57,3.1,Tea,Brewed Chai tea,Spicy Eye Opener Chai Lg
262,01/01/2023,13:47:51,1,8,Hell's Kitchen,40,3.75,Coffee,Barista Espresso,Cappuccino
263,01/01/2023,13:49:03,2,8,Hell's Kitchen,22,2,Coffee,Drip coffee,Our Old Time Diner Blend Sm
264,01/01/2023,13:50:09,1,5,Lower Manhattan,53,3,Tea,Brewed Chai tea,Traditional Blend Chai Lg
265,01/01/2023,13:50:47,2,8,Hell's Kitchen,54,2.5,Tea,Brewed Chai tea,Morning Sunrise Chai Rg
266,01/01/2023,13:51:56,2,8,Hell's Kitchen,32,3,Coffee,Gourmet brewed coffee,Ethiopia Rg
267,01/01/2023,13:53:04,2,3,Astoria,38,3.75,Coffee,Barista Espresso,Latte
268,01/01/2023,13:53:31,1,8,Hell's Kitchen,33,3.5,Coffee,Gourmet brewed coffee,Ethiopia Lg
269,01/01/2023,13:54:18,2,8,Hell's Kitchen,22,2,Coffee,Drip coffee,Our Old Time Diner Blend Sm
270,01/01/2023,13:55:04,1,5,Lower Manhattan,42,2.5,Tea,Brewed herbal tea,Lemon Grass Rg
271,01/01/2023,13:55:50,2,8,Hell's Kitchen,45,3,Tea,Brewed herbal tea,Peppermint Lg
272,01/01/2023,13:56:15,2,8,Hell's Kitchen,48,2.5,Tea,Brewed Black tea,English Breakfast Rg
273,01/01/2023,13:56:24,1,8,Hell's Kitchen,53,3,Tea,Brewed Chai tea,Traditional Blend Chai Lg
274,01/01/2023,13:57:34,2,5,Lower Manhattan,27,3.5,Coffee,Organic brewed coffee,Brazilian Lg
275,01/01/2023,13:57:34,1,5,Lower Manhattan,71,3.75,Bakery,Pastry,Chocolate Croissant
276,01/01/2023,13:58:10,2,3,Astoria,46,2.5,Tea,Brewed Green tea,Serenity Green Tea Rg
277,01/01/2023,13:58:11,1,5,Lower Manhattan,34,2.45,Coffee,Premium brewed coffee,Jamaican Coffee River Sm
278,01/01/2023,13:59:58,2,5,Lower Manhattan,39,4.25,Coffee,Barista Espresso,Latte Rg
279,01/01/2023,14:03:34,2,5,Lower Manhattan,25,2.2,Coffee,Organic brewed coffee,Brazilian Sm
280,01/01/2023,14:03:34,1,5,Lower Manhattan,69,3.25,Bakery,Biscotti,Hazelnut Biscotti
281,01/01/2023,14:03:41,1,3,Astoria,32,3,Coffee,Gourmet brewed coffee,Ethiopia Rg
282,01/01/2023,14:07:12,2,3,Astoria,41,4.25,Coffee,Barista Espresso,Cappuccino Lg
283,01/01/2023,14:07:56,1,3,Astoria,23,2.5,Coffee,Drip coffee,Our Old Time Diner Blend Rg
284,01/01/2023,14:08:03,1,8,Hell's Kitchen,24,3,Coffee,Drip coffee,Our Old Time Diner Blend Lg
285,01/01/2023,14:08:03,1,8,Hell's Kitchen,71,3.75,Bakery,Pastry,Chocolate Croissant
286,01/01/2023,14:11:14,2,8,Hell's Kitchen,60,3.75,Drinking Chocolate,Hot chocolate,Sustainably Grown Organic Rg
287,01/01/2023,14:13:28,2,5,Lower Manhattan,57,3.1,Tea,Brewed Chai tea,Spicy Eye Opener Chai Lg
288,01/01/2023,14:19:57,2,5,Lower Manhattan,23,2.5,Coffee,Drip coffee,Our Old Time Diner Blend Rg
289,01/01/2023,14:20:06,2,3,Astoria,35,3.1,Coffee,Premium brewed coffee,Jamaican Coffee River Rg
290,01/01/2023,14:20:08,2,3,Astoria,42,2.5,Tea,Brewed herbal tea,Lemon Grass Rg
291,01/01/2023,14:22:01,2,8,Hell's Kitchen,49,3,Tea,Brewed Black tea,English Breakfast Lg
292,01/01/2023,14:22:38,2,5,Lower Manhattan,39,4.25,Coffee,Barista Espresso,Latte Rg
293,01/01/2023,14:23:28,1,8,Hell's Kitchen,55,4,Tea,Brewed Chai tea,Morning Sunrise Chai Lg
294,01/01/2023,14:23:28,1,8,Hell's Kitchen,71,3.75,Bakery,Pastry,Chocolate Croissant
295,01/01/2023,14:24:55,2,3,Astoria,41,4.25,Coffee,Barista Espresso,Cappuccino Lg
296,01/01/2023,14:24:55,1,3,Astoria,79,3.75,Bakery,Scone,Jumbo Savory Scone
297,01/01/2023,14:25:32,2,3,Astoria,58,3.5,Drinking Chocolate,Hot chocolate,Dark chocolate Rg
298,01/01/2023,14:25:39,2,5,Lower Manhattan,24,3,Coffee,Drip coffee,Our Old Time Diner Blend Lg
299,01/01/2023,14:26:36,1,8,Hell's Kitchen,61,4.75,Drinking Chocolate,Hot chocolate,Sustainably Grown Organic Lg
300,01/01/2023,14:29:05,2,5,Lower Manhattan,45,3,Tea,Brewed herbal tea,Peppermint Lg
301,01/01/2023,14:29:50,2,5,Lower Manhattan,49,3,Tea,Brewed Black tea,English Breakfast Lg
302,01/01/2023,14:29:50,1,5,Lower Manhattan,78,4.5,Bakery,Scone,Scottish Cream Scone 
303,01/01/2023,14:30:51,1,8,Hell's Kitchen,48,2.5,Tea,Brewed Black tea,English Breakfast Rg
304,01/01/2023,14:30:58,1,5,Lower Manhattan,57,3.1,Tea,Brewed Chai tea,Spicy Eye Opener Chai Lg
305,01/01/2023,14:31:26,1,5,Lower Manhattan,42,2.5,Tea,Brewed herbal tea,Lemon Grass Rg
306,01/01/2023,14:32:20,2,8,Hell's Kitchen,30,3,Coffee,Gourmet brewed coffee,Columbian Medium Roast Lg
307,01/01/2023,14:32:42,2,5,Lower Manhattan,41,4.25,Coffee,Barista Espresso,Cappuccino Lg
308,01/01/2023,14:32:54,2,8,Hell's Kitchen,39,4.25,Coffee,Barista Espresso,Latte Rg
309,01/01/2023,14:35:47,1,3,Astoria,55,4,Tea,Brewed Chai tea,Morning Sunrise Chai Lg
310,01/01/2023,14:36:23,2,3,Astoria,30,3,Coffee,Gourmet brewed coffee,Columbian Medium Roast Lg
311,01/01/2023,14:36:35,1,5,Lower Manhattan,57,3.1,Tea,Brewed Chai tea,Spicy Eye Opener Chai Lg
312,01/01/2023,14:37:48,1,5,Lower Manhattan,44,2.5,Tea,Brewed herbal tea,Peppermint Rg
313,01/01/2023,14:39:06,1,5,Lower Manhattan,87,3,Coffee,Barista Espresso,Ouro Brasileiro shot
314,01/01/2023,14:39:48,2,8,Hell's Kitchen,34,2.45,Coffee,Premium brewed coffee,Jamaican Coffee River Sm
315,01/01/2023,14:42:39,2,5,Lower Manhattan,61,4.75,Drinking Chocolate,Hot chocolate,Sustainably Grown Organic Lg
316,01/01/2023,14:43:13,2,3,Astoria,50,2.5,Tea,Brewed Black tea,Earl Grey Rg
317,01/01/2023,14:45:31,1,3,Astoria,47,3,Tea,Brewed Green tea,Serenity Green Tea Lg
318,01/01/2023,14:46:09,1,8,Hell's Kitchen,48,2.5,Tea,Brewed Black tea,English Breakfast Rg
319,01/01/2023,14:47:29,1,8,Hell's Kitchen,24,3,Coffee,Drip coffee,Our Old Time Diner Blend Lg
320,01/01/2023,14:47:29,1,8,Hell's Kitchen,75,3.5,Bakery,Pastry,Croissant
321,01/01/2023,14:49:49,2,8,Hell's Kitchen,51,3,Tea,Brewed Black tea,Earl Grey Lg
322,01/01/2023,14:51:19,2,5,Lower Manhattan,43,3,Tea,Brewed herbal tea,Lemon Grass Lg
323,01/01/2023,14:55:34,2,3,Astoria,34,2.45,Coffee,Premium brewed coffee,Jamaican Coffee River Sm
324,01/01/2023,14:58:07,2,8,Hell's Kitchen,30,3,Coffee,Gourmet brewed coffee,Columbian Medium Roast Lg
325,01/01/2023,14:58:35,1,3,Astoria,43,3,Tea,Brewed herbal tea,Lemon Grass Lg
326,01/01/2023,15:02:04,2,3,Astoria,39,4.25,Coffee,Barista Espresso,Latte Rg
327,01/01/2023,15:02:28,1,8,Hell's Kitchen,38,3.75,Coffee,Barista Espresso,Latte
328,01/01/2023,15:06:27,2,5,Lower Manhattan,25,2.2,Coffee,Organic brewed coffee,Brazilian Sm
329,01/01/2023,15:08:28,2,3,Astoria,43,3,Tea,Brewed herbal tea,Lemon Grass Lg
330,01/01/2023,15:09:37,1,3,Astoria,22,2,Coffee,Drip coffee,Our Old Time Diner Blend Sm
331,01/01/2023,15:09:54,1,8,Hell's Kitchen,61,4.75,Drinking Chocolate,Hot chocolate,Sustainably Grown Organic Lg
332,01/01/2023,15:10:10,1,5,Lower Manhattan,40,3.75,Coffee,Barista Espresso,Cappuccino
333,01/01/2023,15:10:10,1,5,Lower Manhattan,75,3.5,Bakery,Pastry,Croissant
334,01/01/2023,15:12:22,1,3,Astoria,24,3,Coffee,Drip coffee,Our Old Time Diner Blend Lg
335,01/01/2023,15:12:54,2,3,Astoria,52,2.5,Tea,Brewed Chai tea,Traditional Blend Chai Rg
336,01/01/2023,15:14:19,2,3,Astoria,26,3,Coffee,Organic brewed coffee,Brazilian Rg
337,01/01/2023,15:16:37,2,5,Lower Manhattan,38,3.75,Coffee,Barista Espresso,Latte
338,01/01/2023,15:18:56,1,3,Astoria,61,4.75,Drinking Chocolate,Hot chocolate,Sustainably Grown Organic Lg
339,01/01/2023,15:19:34,1,3,Astoria,29,2.5,Coffee,Gourmet brewed coffee,Columbian Medium Roast Rg
340,01/01/2023,15:21:05,2,8,Hell's Kitchen,30,3,Coffee,Gourmet brewed coffee,Columbian Medium Roast Lg
341,01/01/2023,15:22:11,2,3,Astoria,39,4.25,Coffee,Barista Espresso,Latte Rg
342,01/01/2023,15:24:01,1,8,Hell's Kitchen,26,3,Coffee,Organic brewed coffee,Brazilian Rg
343,01/01/2023,15:25:09,2,5,Lower Manhattan,50,2.5,Tea,Brewed Black tea,Earl Grey Rg
344,01/01/2023,15:27:11,2,3,Astoria,58,3.5,Drinking Chocolate,Hot chocolate,Dark chocolate Rg
345,01/01/2023,15:28:29,1,3,Astoria,58,3.5,Drinking Chocolate,Hot chocolate,Dark chocolate Rg
346,01/01/2023,15:28:54,1,5,Lower Manhattan,43,3,Tea,Brewed herbal tea,Lemon Grass Lg
347,01/01/2023,15:29:24,1,3,Astoria,57,3.1,Tea,Brewed Chai tea,Spicy Eye Opener Chai Lg
348,01/01/2023,15:29:24,1,3,Astoria,70,3.25,Bakery,Scone,Cranberry Scone
349,01/01/2023,15:30:16,1,3,Astoria,43,3,Tea,Brewed herbal tea,Lemon Grass Lg
350,01/01/2023,15:30:27,2,3,Astoria,31,2.2,Coffee,Gourmet brewed coffee,Ethiopia Sm
351,01/01/2023,15:30:58,1,5,Lower Manhattan,34,2.45,Coffee,Premium brewed coffee,Jamaican Coffee River Sm
352,01/01/2023,15:30:58,2,8,Hell's Kitchen,29,2.5,Coffee,Gourmet brewed coffee,Columbian Medium Roast Rg
353,01/01/2023,15:33:36,2,5,Lower Manhattan,28,2,Coffee,Gourmet brewed coffee,Columbian Medium Roast Sm
354,01/01/2023,15:33:36,1,5,Lower Manhattan,74,3.5,Bakery,Biscotti,Ginger Biscotti
355,01/01/2023,15:34:10,2,3,Astoria,41,4.25,Coffee,Barista Espresso,Cappuccino Lg
356,01/01/2023,15:34:10,1,3,Astoria,76,3.5,Bakery,Biscotti,Chocolate Chip Biscotti
357,01/01/2023,15:36:59,2,5,Lower Manhattan,37,3,Coffee,Barista Espresso,Espresso shot
358,01/01/2023,15:39:44,1,8,Hell's Kitchen,44,2.5,Tea,Brewed herbal tea,Peppermint Rg
359,01/01/2023,15:42:20,1,3,Astoria,36,3.75,Coffee,Premium brewed coffee,Jamaican Coffee River Lg
360,01/01/2023,15:45:16,2,3,Astoria,46,2.5,Tea,Brewed Green tea,Serenity Green Tea Rg
361,01/01/2023,15:46:34,2,5,Lower Manhattan,40,3.75,Coffee,Barista Espresso,Cappuccino
362,01/01/2023,15:51:15,2,8,Hell's Kitchen,35,3.1,Coffee,Premium brewed coffee,Jamaican Coffee River Rg
363,01/01/2023,15:52:23,2,5,Lower Manhattan,39,4.25,Coffee,Barista Espresso,Latte Rg
364,01/01/2023,15:52:23,1,5,Lower Manhattan,69,3.25,Bakery,Biscotti,Hazelnut Biscotti
365,01/01/2023,15:53:55,2,5,Lower Manhattan,33,3.5,Coffee,Gourmet brewed coffee,Ethiopia Lg
366,01/01/2023,15:55:45,1,8,Hell's Kitchen,24,3,Coffee,Drip coffee,Our Old Time Diner Blend Lg
367,01/01/2023,15:55:50,2,3,Astoria,31,2.2,Coffee,Gourmet brewed coffee,Ethiopia Sm
368,01/01/2023,15:58:55,1,8,Hell's Kitchen,48,2.5,Tea,Brewed Black tea,English Breakfast Rg
369,01/01/2023,16:00:23,1,8,Hell's Kitchen,38,3.75,Coffee,Barista Espresso,Latte
370,01/01/2023,16:02:07,1,8,Hell's Kitchen,41,4.25,Coffee,Barista Espresso,Cappuccino Lg
371,01/01/2023,16:03:30,2,3,Astoria,34,2.45,Coffee,Premium brewed coffee,Jamaican Coffee River Sm
372,01/01/2023,16:03:54,1,8,Hell's Kitchen,46,2.5,Tea,Brewed Green tea,Serenity Green Tea Rg
373,01/01/2023,16:04:10,2,3,Astoria,42,2.5,Tea,Brewed herbal tea,Lemon Grass Rg
374,01/01/2023,16:06:04,2,3,Astoria,23,2.5,Coffee,Drip coffee,Our Old Time Diner Blend Rg
375,01/01/2023,16:07:20,2,3,Astoria,23,2.5,Coffee,Drip coffee,Our Old Time Diner Blend Rg
376,01/01/2023,16:08:59,2,3,Astoria,42,2.5,Tea,Brewed herbal tea,Lemon Grass Rg
377,01/01/2023,16:10:37,2,3,Astoria,42,2.5,Tea,Brewed herbal tea,Lemon Grass Rg
378,01/01/2023,16:12:00,1,8,Hell's Kitchen,87,3,Coffee,Barista Espresso,Ouro Brasileiro shot
379,01/01/2023,16:17:06,2,3,Astoria,34,2.45,Coffee,Premium brewed coffee,Jamaican Coffee River Sm
380,01/01/2023,16:17:52,2,3,Astoria,29,2.5,Coffee,Gourmet brewed coffee,Columbian Medium Roast Rg
381,01/01/2023,16:19:00,2,8,Hell's Kitchen,29,2.5,Coffee,Gourmet brewed coffee,Columbian Medium Roast Rg
382,01/01/2023,16:19:17,1,3,Astoria,56,2.55,Tea,Brewed Chai tea,Spicy Eye Opener Chai Rg
383,01/01/2023,16:19:26,2,5,Lower Manhattan,40,3.75,Coffee,Barista Espresso,Cappuccino
384,01/01/2023,16:20:07,2,3,Astoria,36,3.75,Coffee,Premium brewed coffee,Jamaican Coffee River Lg
385,01/01/2023,16:22:07,1,5,Lower Manhattan,22,2,Coffee,Drip coffee,Our Old Time Diner Blend Sm
386,01/01/2023,16:22:38,1,3,Astoria,22,2,Coffee,Drip coffee,Our Old Time Diner Blend Sm
387,01/01/2023,16:25:28,1,3,Astoria,44,2.5,Tea,Brewed herbal tea,Peppermint Rg
388,01/01/2023,16:27:42,1,5,Lower Manhattan,56,2.55,Tea,Brewed Chai tea,Spicy Eye Opener Chai Rg
389,01/01/2023,16:28:00,2,8,Hell's Kitchen,53,3,Tea,Brewed Chai tea,Traditional Blend Chai Lg
390,01/01/2023,16:28:57,1,5,Lower Manhattan,42,2.5,Tea,Brewed herbal tea,Lemon Grass Rg
391,01/01/2023,16:29:36,2,3,Astoria,27,3.5,Coffee,Organic brewed coffee,Brazilian Lg
392,01/01/2023,16:30:12,1,3,Astoria,40,3.75,Coffee,Barista Espresso,Cappuccino
393,01/01/2023,16:33:35,1,3,Astoria,35,3.1,Coffee,Premium brewed coffee,Jamaican Coffee River Rg
394,01/01/2023,16:35:11,1,5,Lower Manhattan,28,2,Coffee,Gourmet brewed coffee,Columbian Medium Roast Sm
395,01/01/2023,16:39:24,1,3,Astoria,36,3.75,Coffee,Premium brewed coffee,Jamaican Coffee River Lg
396,01/01/2023,16:39:27,1,8,Hell's Kitchen,58,3.5,Drinking Chocolate,Hot chocolate,Dark chocolate Rg
397,01/01/2023,16:40:18,1,3,Astoria,33,3.5,Coffee,Gourmet brewed coffee,Ethiopia Lg
398,01/01/2023,16:40:19,1,5,Lower Manhattan,46,2.5,Tea,Brewed Green tea,Serenity Green Tea Rg
399,01/01/2023,16:41:51,1,5,Lower Manhattan,23,2.5,Coffee,Drip coffee,Our Old Time Diner Blend Rg
400,01/01/2023,16:43:33,2,8,Hell's Kitchen,50,2.5,Tea,Brewed Black tea,Earl Grey Rg
401,01/01/2023,16:44:46,2,3,Astoria,54,2.5,Tea,Brewed Chai tea,Morning Sunrise Chai Rg
402,01/01/2023,16:47:05,1,5,Lower Manhattan,44,2.5,Tea,Brewed herbal tea,Peppermint Rg
403,01/01/2023,16:47:05,1,5,Lower Manhattan,72,3.25,Bakery,Scone,Ginger Scone
404,01/01/2023,16:48:31,2,5,Lower Manhattan,44,2.5,Tea,Brewed herbal tea,Peppermint Rg
405,01/01/2023,16:49:19,1,5,Lower Manhattan,53,3,Tea,Brewed Chai tea,Traditional Blend Chai Lg
406,01/01/2023,16:49:19,1,5,Lower Manhattan,71,3.75,Bakery,Pastry,Chocolate Croissant
407,01/01/2023,16:49:38,1,3,Astoria,52,2.5,Tea,Brewed Chai tea,Traditional Blend Chai Rg
408,01/01/2023,16:52:13,2,8,Hell's Kitchen,42,2.5,Tea,Brewed herbal tea,Lemon Grass Rg
409,01/01/2023,16:52:51,1,5,Lower Manhattan,50,2.5,Tea,Brewed Black tea,Earl Grey Rg
410,01/01/2023,16:56:48,1,3,Astoria,28,2,Coffee,Gourmet brewed coffee,Columbian Medium Roast Sm
411,01/01/2023,16:58:42,1,3,Astoria,58,3.5,Drinking Chocolate,Hot chocolate,Dark chocolate Rg
412,01/01/2023,16:58:42,1,3,Astoria,69,3.25,Bakery,Biscotti,Hazelnut Biscotti
413,01/01/2023,17:01:03,2,5,Lower Manhattan,36,3.75,Coffee,Premium brewed coffee,Jamaican Coffee River Lg
414,01/01/2023,17:01:31,2,8,Hell's Kitchen,50,2.5,Tea,Brewed Black tea,Earl Grey Rg
415,01/01/2023,17:03:21,1,3,Astoria,50,2.5,Tea,Brewed Black tea,Earl Grey Rg
416,01/01/2023,17:05:44,2,3,Astoria,36,3.75,Coffee,Premium brewed coffee,Jamaican Coffee River Lg
417,01/01/2023,17:09:18,2,8,Hell's Kitchen,47,3,Tea,Brewed Green tea,Serenity Green Tea Lg
418,01/01/2023,17:10:34,1,3,Astoria,27,3.5,Coffee,Organic brewed coffee,Brazilian Lg
419,01/01/2023,17:10:35,1,3,Astoria,59,4.5,Drinking Chocolate,Hot chocolate,Dark chocolate Lg
420,01/01/2023,17:11:58,2,8,Hell's Kitchen,36,3.75,Coffee,Premium brewed coffee,Jamaican Coffee River Lg
421,01/01/2023,17:13:17,2,5,Lower Manhattan,31,2.2,Coffee,Gourmet brewed coffee,Ethiopia Sm
422,01/01/2023,17:16:17,1,8,Hell's Kitchen,35,3.1,Coffee,Premium brewed coffee,Jamaican Coffee River Rg
423,01/01/2023,17:17:19,2,8,Hell's Kitchen,55,4,Tea,Brewed Chai tea,Morning Sunrise Chai Lg
424,01/01/2023,17:17:22,1,8,Hell's Kitchen,31,2.2,Coffee,Gourmet brewed coffee,Ethiopia Sm
425,01/01/2023,17:18:36,1,3,Astoria,29,2.5,Coffee,Gourmet brewed coffee,Columbian Medium Roast Rg
426,01/01/2023,17:19:08,2,5,Lower Manhattan,34,2.45,Coffee,Premium brewed coffee,Jamaican Coffee River Sm
427,01/01/2023,17:19:08,1,5,Lower Manhattan,75,3.5,Bakery,Pastry,Croissant
428,01/01/2023,17:19:11,2,8,Hell's Kitchen,39,4.25,Coffee,Barista Espresso,Latte Rg
429,01/01/2023,17:19:28,2,8,Hell's Kitchen,28,2,Coffee,Gourmet brewed coffee,Columbian Medium Roast Sm
430,01/01/2023,17:19:49,2,8,Hell's Kitchen,87,3,Coffee,Barista Espresso,Ouro Brasileiro shot
431,01/01/2023,17:19:49,1,8,Hell's Kitchen,78,4.5,Bakery,Scone,Scottish Cream Scone 
432,01/01/2023,17:20:02,2,8,Hell's Kitchen,46,2.5,Tea,Brewed Green tea,Serenity Green Tea Rg
433,01/01/2023,17:20:02,1,8,Hell's Kitchen,77,3,Bakery,Scone,Oatmeal Scone
434,01/01/2023,17:22:36,1,3,Astoria,36,3.75,Coffee,Premium brewed coffee,Jamaican Coffee River Lg
435,01/01/2023,17:23:03,1,5,Lower Manhattan,48,2.5,Tea,Brewed Black tea,English Breakfast Rg
436,01/01/2023,17:23:04,1,3,Astoria,41,4.25,Coffee,Barista Espresso,Cappuccino Lg
437,01/01/2023,17:25:45,2,3,Astoria,58,3.5,Drinking Chocolate,Hot chocolate,Dark chocolate Rg
438,01/01/2023,17:26:15,1,8,Hell's Kitchen,35,3.1,Coffee,Premium brewed coffee,Jamaican Coffee River Rg
439,01/01/2023,17:26:15,1,8,Hell's Kitchen,76,3.5,Bakery,Biscotti,Chocolate Chip Biscotti
440,01/01/2023,17:28:42,1,5,Lower Manhattan,37,3,Coffee,Barista Espresso,Espresso shot
441,01/01/2023,17:28:42,1,5,Lower Manhattan,70,3.25,Bakery,Scone,Cranberry Scone
442,01/01/2023,17:29:25,1,3,Astoria,46,2.5,Tea,Brewed Green tea,Serenity Green Tea Rg
443,01/01/2023,17:29:25,1,3,Astoria,75,3.5,Bakery,Pastry,Croissant
444,01/01/2023,17:34:47,2,8,Hell's Kitchen,54,2.5,Tea,Brewed Chai tea,Morning Sunrise Chai Rg
445,01/01/2023,17:35:26,1,3,Astoria,47,3,Tea,Brewed Green tea,Serenity Green Tea Lg
446,01/01/2023,17:35:26,1,3,Astoria,69,3.25,Bakery,Biscotti,Hazelnut Biscotti
447,01/01/2023,17:37:26,1,8,Hell's Kitchen,42,2.5,Tea,Brewed herbal tea,Lemon Grass Rg
448,01/01/2023,17:40:50,1,3,Astoria,55,4,Tea,Brewed Chai tea,Morning Sunrise Chai Lg
449,01/01/2023,17:41:55,2,3,Astoria,55,4,Tea,Brewed Chai tea,Morning Sunrise Chai Lg
450,01/01/2023,17:41:55,1,3,Astoria,71,3.75,Bakery,Pastry,Chocolate Croissant
451,01/01/2023,17:43:49,2,8,Hell's Kitchen,52,2.5,Tea,Brewed Chai tea,Traditional Blend Chai Rg
452,01/01/2023,17:44:28,2,3,Astoria,27,3.5,Coffee,Organic brewed coffee,Brazilian Lg
453,01/01/2023,17:44:28,1,3,Astoria,74,3.5,Bakery,Biscotti,Ginger Biscotti
454,01/01/2023,17:44:48,1,8,Hell's Kitchen,34,2.45,Coffee,Premium brewed coffee,Jamaican Coffee River Sm
455,01/01/2023,17:45:21,1,8,Hell's Kitchen,27,3.5,Coffee,Organic brewed coffee,Brazilian Lg
456,01/01/2023,17:46:21,2,8,Hell's Kitchen,36,3.75,Coffee,Premium brewed coffee,Jamaican Coffee River Lg
457,01/01/2023,17:46:21,1,8,Hell's Kitchen,76,3.5,Bakery,Biscotti,Chocolate Chip Biscotti
458,01/01/2023,17:49:04,2,8,Hell's Kitchen,60,3.75,Drinking Chocolate,Hot chocolate,Sustainably Grown Organic Rg
459,01/01/2023,17:50:19,1,5,Lower Manhattan,45,3,Tea,Brewed herbal tea,Peppermint Lg
460,01/01/2023,17:50:30,2,8,Hell's Kitchen,38,3.75,Coffee,Barista Espresso,Latte
461,01/01/2023,17:51:06,2,3,Astoria,60,3.75,Drinking Chocolate,Hot chocolate,Sustainably Grown Organic Rg
462,01/01/2023,17:54:11,2,3,Astoria,56,2.55,Tea,Brewed Chai tea,Spicy Eye Opener Chai Rg
463,01/01/2023,17:56:46,1,8,Hell's Kitchen,30,3,Coffee,Gourmet brewed coffee,Columbian Medium Roast Lg
464,01/01/2023,17:58:01,1,5,Lower Manhattan,39,4.25,Coffee,Barista Espresso,Latte Rg
465,01/01/2023,17:59:44,2,8,Hell's Kitchen,53,3,Tea,Brewed Chai tea,Traditional Blend Chai Lg
466,01/01/2023,17:59:44,1,8,Hell's Kitchen,76,3.5,Bakery,Biscotti,Chocolate Chip Biscotti
467,01/01/2023,18:01:08,2,8,Hell's Kitchen,45,3,Tea,Brewed herbal tea,Peppermint Lg
468,01/01/2023,18:02:00,1,3,Astoria,52,2.5,Tea,Brewed Chai tea,Traditional Blend Chai Rg
469,01/01/2023,18:02:21,2,5,Lower Manhattan,49,3,Tea,Brewed Black tea,English Breakfast Lg
470,01/01/2023,18:03:13,1,3,Astoria,28,2,Coffee,Gourmet brewed coffee,Columbian Medium Roast Sm
471,01/01/2023,18:03:13,1,3,Astoria,78,4.5,Bakery,Scone,Scottish Cream Scone 
472,01/01/2023,18:04:34,1,3,Astoria,28,2,Coffee,Gourmet brewed coffee,Columbian Medium Roast Sm
473,01/01/2023,18:06:52,2,3,Astoria,30,3,Coffee,Gourmet brewed coffee,Columbian Medium Roast Lg
474,01/01/2023,18:06:52,1,3,Astoria,79,3.75,Bakery,Scone,Jumbo Savory Scone
475,01/01/2023,18:07:13,1,8,Hell's Kitchen,23,2.5,Coffee,Drip coffee,Our Old Time Diner Blend Rg
476,01/01/2023,18:08:53,2,3,Astoria,34,2.45,Coffee,Premium brewed coffee,Jamaican Coffee River Sm
477,01/01/2023,18:12:37,2,3,Astoria,25,2.2,Coffee,Organic brewed coffee,Brazilian Sm
478,01/01/2023,18:13:32,2,5,Lower Manhattan,23,2.5,Coffee,Drip coffee,Our Old Time Diner Blend Rg
479,01/01/2023,18:13:41,2,8,Hell's Kitchen,57,3.1,Tea,Brewed Chai tea,Spicy Eye Opener Chai Lg
480,01/01/2023,18:14:28,2,8,Hell's Kitchen,26,3,Coffee,Organic brewed coffee,Brazilian Rg
481,01/01/2023,18:17:09,2,8,Hell's Kitchen,36,3.75,Coffee,Premium brewed coffee,Jamaican Coffee River Lg
482,01/01/2023,18:18:10,1,3,Astoria,59,4.5,Drinking Chocolate,Hot chocolate,Dark chocolate Lg
483,01/01/2023,18:19:45,1,5,Lower Manhattan,52,2.5,Tea,Brewed Chai tea,Traditional Blend Chai Rg
484,01/01/2023,18:19:45,1,5,Lower Manhattan,76,3.5,Bakery,Biscotti,Chocolate Chip Biscotti
485,01/01/2023,18:21:22,1,3,Astoria,46,2.5,Tea,Brewed Green tea,Serenity Green Tea Rg
486,01/01/2023,18:22:12,2,3,Astoria,61,4.75,Drinking Chocolate,Hot chocolate,Sustainably Grown Organic Lg
487,01/01/2023,18:22:48,2,5,Lower Manhattan,37,3,Coffee,Barista Espresso,Espresso shot
488,01/01/2023,18:22:53,1,3,Astoria,32,3,Coffee,Gourmet brewed coffee,Ethiopia Rg
489,01/01/2023,18:22:53,1,3,Astoria,79,3.75,Bakery,Scone,Jumbo Savory Scone
490,01/01/2023,18:23:34,2,5,Lower Manhattan,53,3,Tea,Brewed Chai tea,Traditional Blend Chai Lg
491,01/01/2023,18:25:51,1,3,Astoria,61,4.75,Drinking Chocolate,Hot chocolate,Sustainably Grown Organic Lg
492,01/01/2023,18:25:57,1,8,Hell's Kitchen,43,3,Tea,Brewed herbal tea,Lemon Grass Lg
493,01/01/2023,18:27:08,2,5,Lower Manhattan,54,2.5,Tea,Brewed Chai tea,Morning Sunrise Chai Rg
494,01/01/2023,18:29:34,2,8,Hell's Kitchen,44,2.5,Tea,Brewed herbal tea,Peppermint Rg
495,01/01/2023,18:30:05,2,3,Astoria,55,4,Tea,Brewed Chai tea,Morning Sunrise Chai Lg
496,01/01/2023,18:34:56,2,3,Astoria,60,3.75,Drinking Chocolate,Hot chocolate,Sustainably Grown Organic Rg
497,01/01/2023,18:39:29,1,3,Astoria,22,2,Coffee,Drip coffee,Our Old Time Diner Blend Sm
498,01/01/2023,18:40:29,2,8,Hell's Kitchen,53,3,Tea,Brewed Chai tea,Traditional Blend Chai Lg
499,01/01/2023,18:41:13,1,3,Astoria,24,3,Coffee,Drip coffee,Our Old Time Diner Blend Lg
500,01/01/2023,18:41:28,2,8,Hell's Kitchen,49,3,Tea,Brewed Black tea,English Breakfast Lg
501,01/01/2023,18:42:04,2,3,Astoria,60,3.75,Drinking Chocolate,Hot chocolate,Sustainably Grown Organic Rg
502,01/01/2023,18:42:16,1,8,Hell's Kitchen,54,2.5,Tea,Brewed Chai tea,Morning Sunrise Chai Rg
503,01/01/2023,18:43:19,1,3,Astoria,57,3.1,Tea,Brewed Chai tea,Spicy Eye Opener Chai Lg
504,01/01/2023,18:43:42,1,3,Astoria,25,2.2,Coffee,Organic brewed coffee,Brazilian Sm
505,01/01/2023,18:45:11,2,3,Astoria,38,3.75,Coffee,Barista Espresso,Latte
506,01/01/2023,18:49:48,1,3,Astoria,27,3.5,Coffee,Organic brewed coffee,Brazilian Lg
507,01/01/2023,18:51:23,2,3,Astoria,24,3,Coffee,Drip coffee,Our Old Time Diner Blend Lg
508,01/01/2023,18:51:41,1,3,Astoria,28,2,Coffee,Gourmet brewed coffee,Columbian Medium Roast Sm
509,01/01/2023,18:52:18,2,8,Hell's Kitchen,22,2,Coffee,Drip coffee,Our Old Time Diner Blend Sm
510,01/01/2023,18:52:57,2,3,Astoria,59,4.5,Drinking Chocolate,Hot chocolate,Dark chocolate Lg
511,01/01/2023,18:55:19,2,3,Astoria,56,2.55,Tea,Brewed Chai tea,Spicy Eye Opener Chai Rg
512,01/01/2023,18:56:24,2,8,Hell's Kitchen,53,3,Tea,Brewed Chai tea,Traditional Blend Chai Lg
513,01/01/2023,18:56:35,2,8,Hell's Kitchen,39,4.25,Coffee,Barista Espresso,Latte Rg
514,01/01/2023,18:56:35,1,8,Hell's Kitchen,73,3.75,Bakery,Pastry,Almond Croissant
515,01/01/2023,19:00:27,1,3,Astoria,43,3,Tea,Brewed herbal tea,Lemon Grass Lg
516,01/01/2023,19:02:52,2,8,Hell's Kitchen,37,3,Coffee,Barista Espresso,Espresso shot
517,01/01/2023,19:06:58,1,8,Hell's Kitchen,38,3.75,Coffee,Barista Espresso,Latte
518,01/01/2023,19:07:26,2,8,Hell's Kitchen,24,3,Coffee,Drip coffee,Our Old Time Diner Blend Lg
519,01/01/2023,19:07:40,1,3,Astoria,55,4,Tea,Brewed Chai tea,Morning Sunrise Chai Lg
520,01/01/2023,19:08:11,2,8,Hell's Kitchen,27,3.5,Coffee,Organic brewed coffee,Brazilian Lg
521,01/01/2023,19:08:56,1,3,Astoria,60,3.75,Drinking Chocolate,Hot chocolate,Sustainably Grown Organic Rg
522,01/01/2023,19:09:54,1,8,Hell's Kitchen,41,4.25,Coffee,Barista Espresso,Cappuccino Lg
523,01/01/2023,19:10:16,2,3,Astoria,27,3.5,Coffee,Organic brewed coffee,Brazilian Lg
524,01/01/2023,19:10:53,2,8,Hell's Kitchen,55,4,Tea,Brewed Chai tea,Morning Sunrise Chai Lg
525,01/01/2023,19:12:49,2,3,Astoria,40,3.75,Coffee,Barista Espresso,Cappuccino
526,01/01/2023,19:14:09,2,3,Astoria,32,3,Coffee,Gourmet brewed coffee,Ethiopia Rg
527,01/01/2023,19:15:15,1,3,Astoria,55,4,Tea,Brewed Chai tea,Morning Sunrise Chai Lg
528,01/01/2023,19:21:35,1,8,Hell's Kitchen,49,3,Tea,Brewed Black tea,English Breakfast Lg
529,01/01/2023,19:22:39,1,8,Hell's Kitchen,40,3.75,Coffee,Barista Espresso,Cappuccino
530,01/01/2023,19:24:18,1,8,Hell's Kitchen,46,2.5,Tea,Brewed Green tea,Serenity Green Tea Rg
531,01/01/2023,19:24:18,1,8,Hell's Kitchen,77,3,Bakery,Scone,Oatmeal Scone
532,01/01/2023,19:29:01,2,3,Astoria,44,2.5,Tea,Brewed herbal tea,Peppermint Rg
533,01/01/2023,19:29:07,1,3,Astoria,38,3.75,Coffee,Barista Espresso,Latte
534,01/01/2023,19:30:55,2,3,Astoria,51,3,Tea,Brewed Black tea,Earl Grey Lg
535,01/01/2023,19:34:03,1,8,Hell's Kitchen,43,3,Tea,Brewed herbal tea,Lemon Grass Lg
536,01/01/2023,19:34:39,2,8,Hell's Kitchen,61,4.75,Drinking Chocolate,Hot chocolate,Sustainably Grown Organic Lg
537,01/01/2023,19:34:48,1,3,Astoria,40,3.75,Coffee,Barista Espresso,Cappuccino
538,01/01/2023,19:35:55,2,8,Hell's Kitchen,27,3.5,Coffee,Organic brewed coffee,Brazilian Lg
539,01/01/2023,19:37:51,1,3,Astoria,60,3.75,Drinking Chocolate,Hot chocolate,Sustainably Grown Organic Rg
540,01/01/2023,19:38:46,2,3,Astoria,55,4,Tea,Brewed Chai tea,Morning Sunrise Chai Lg
541,01/01/2023,19:39:00,2,3,Astoria,47,3,Tea,Brewed Green tea,Serenity Green Tea Lg
542,01/01/2023,19:39:32,1,3,Astoria,37,3,Coffee,Barista Espresso,Espresso shot
543,01/01/2023,19:43:29,1,3,Astoria,54,2.5,Tea,Brewed Chai tea,Morning Sunrise Chai Rg
544,01/01/2023,19:44:41,1,8,Hell's Kitchen,61,4.75,Drinking Chocolate,Hot chocolate,Sustainably Grown Organic Lg
545,01/01/2023,19:45:28,1,8,Hell's Kitchen,26,3,Coffee,Organic brewed coffee,Brazilian Rg
546,01/01/2023,19:49:37,1,3,Astoria,36,3.75,Coffee,Premium brewed coffee,Jamaican Coffee River Lg
547,01/01/2023,19:52:47,1,8,Hell's Kitchen,32,3,Coffee,Gourmet brewed coffee,Ethiopia Rg
548,01/01/2023,19:57:56,1,3,Astoria,35,3.1,Coffee,Premium brewed coffee,Jamaican Coffee River Rg
549,01/01/2023,19:58:29,1,3,Astoria,55,4,Tea,Brewed Chai tea,Morning Sunrise Chai Lg
550,01/01/2023,19:58:52,1,3,Astoria,39,4.25,Coffee,Barista Espresso,Latte Rg
551,02/01/2023,07:01:59,1,5,Lower Manhattan,87,3,Coffee,Barista Espresso,Ouro Brasileiro shot
552,02/01/2023,07:12:05,1,5,Lower Manhattan,51,3,Tea,Brewed Black tea,Earl Grey Lg
553,02/01/2023,07:16:35,2,5,Lower Manhattan,28,2,Coffee,Gourmet brewed coffee,Columbian Medium Roast Sm
554,02/01/2023,07:16:46,1,5,Lower Manhattan,57,3.1,Tea,Brewed Chai tea,Spicy Eye Opener Chai Lg
555,02/01/2023,07:16:46,1,5,Lower Manhattan,70,3.25,Bakery,Scone,Cranberry Scone
556,02/01/2023,07:22:08,2,5,Lower Manhattan,61,4.75,Drinking Chocolate,Hot chocolate,Sustainably Grown Organic Lg
557,02/01/2023,07:22:45,1,5,Lower Manhattan,42,2.5,Tea,Brewed herbal tea,Lemon Grass Rg
558,02/01/2023,07:25:59,1,5,Lower Manhattan,24,3,Coffee,Drip coffee,Our Old Time Diner Blend Lg
559,02/01/2023,07:35:10,1,5,Lower Manhattan,53,3,Tea,Brewed Chai tea,Traditional Blend Chai Lg
560,02/01/2023,07:48:26,1,5,Lower Manhattan,41,4.25,Coffee,Barista Espresso,Cappuccino Lg
561,02/01/2023,07:48:26,1,5,Lower Manhattan,75,3.5,Bakery,Pastry,Croissant
562,02/01/2023,07:53:48,2,5,Lower Manhattan,27,3.5,Coffee,Organic brewed coffee,Brazilian Lg
563,02/01/2023,07:59:47,1,5,Lower Manhattan,48,2.5,Tea,Brewed Black tea,English Breakfast Rg
564,02/01/2023,07:59:47,1,5,Lower Manhattan,75,3.5,Bakery,Pastry,Croissant
565,02/01/2023,08:03:47,2,8,Hell's Kitchen,32,3,Coffee,Gourmet brewed coffee,Ethiopia Rg
566,02/01/2023,08:04:06,2,8,Hell's Kitchen,31,2.2,Coffee,Gourmet brewed coffee,Ethiopia Sm
567,02/01/2023,08:04:55,1,8,Hell's Kitchen,25,2.2,Coffee,Organic brewed coffee,Brazilian Sm
568,02/01/2023,08:04:59,1,5,Lower Manhattan,61,4.75,Drinking Chocolate,Hot chocolate,Sustainably Grown Organic Lg
569,02/01/2023,08:09:46,1,5,Lower Manhattan,48,2.5,Tea,Brewed Black tea,English Breakfast Rg
570,02/01/2023,08:09:51,1,5,Lower Manhattan,61,4.75,Drinking Chocolate,Hot chocolate,Sustainably Grown Organic Lg
571,02/01/2023,08:11:11,2,8,Hell's Kitchen,61,4.75,Drinking Chocolate,Hot chocolate,Sustainably Grown Organic Lg
572,02/01/2023,08:11:11,1,8,Hell's Kitchen,74,3.5,Bakery,Biscotti,Ginger Biscotti
573,02/01/2023,08:13:24,1,8,Hell's Kitchen,27,3.5,Coffee,Organic brewed coffee,Brazilian Lg
574,02/01/2023,08:14:13,1,5,Lower Manhattan,55,4,Tea,Brewed Chai tea,Morning Sunrise Chai Lg
575,02/01/2023,08:15:07,1,8,Hell's Kitchen,36,3.75,Coffee,Premium brewed coffee,Jamaican Coffee River Lg
576,02/01/2023,08:15:10,2,8,Hell's Kitchen,30,3,Coffee,Gourmet brewed coffee,Columbian Medium Roast Lg
577,02/01/2023,08:17:28,1,8,Hell's Kitchen,44,2.5,Tea,Brewed herbal tea,Peppermint Rg
578,02/01/2023,08:20:38,2,5,Lower Manhattan,44,2.5,Tea,Brewed herbal tea,Peppermint Rg
579,02/01/2023,08:21:32,2,8,Hell's Kitchen,38,3.75,Coffee,Barista Espresso,Latte
580,02/01/2023,08:23:15,1,8,Hell's Kitchen,26,3,Coffee,Organic brewed coffee,Brazilian Rg
581,02/01/2023,08:25:22,1,5,Lower Manhattan,25,2.2,Coffee,Organic brewed coffee,Brazilian Sm
582,02/01/2023,08:26:13,2,5,Lower Manhattan,28,2,Coffee,Gourmet brewed coffee,Columbian Medium Roast Sm
583,02/01/2023,08:26:21,2,8,Hell's Kitchen,31,2.2,Coffee,Gourmet brewed coffee,Ethiopia Sm
584,02/01/2023,08:30:10,1,5,Lower Manhattan,29,2.5,Coffee,Gourmet brewed coffee,Columbian Medium Roast Rg
585,02/01/2023,08:31:35,1,8,Hell's Kitchen,35,3.1,Coffee,Premium brewed coffee,Jamaican Coffee River Rg
586,02/01/2023,08:34:25,2,8,Hell's Kitchen,25,2.2,Coffee,Organic brewed coffee,Brazilian Sm
587,02/01/2023,08:34:30,1,8,Hell's Kitchen,48,2.5,Tea,Brewed Black tea,English Breakfast Rg
588,02/01/2023,08:43:50,1,8,Hell's Kitchen,32,3,Coffee,Gourmet brewed coffee,Ethiopia Rg
589,02/01/2023,08:51:31,2,5,Lower Manhattan,32,3,Coffee,Gourmet brewed coffee,Ethiopia Rg
590,02/01/2023,08:55:40,1,5,Lower Manhattan,28,2,Coffee,Gourmet brewed coffee,Columbian Medium Roast Sm
591,02/01/2023,09:00:14,1,8,Hell's Kitchen,39,4.25,Coffee,Barista Espresso,Latte Rg
592,02/01/2023,09:01:24,1,8,Hell's Kitchen,53,3,Tea,Brewed Chai tea,Traditional Blend Chai Lg
593,02/01/2023,09:06:29,1,5,Lower Manhattan,33,3.5,Coffee,Gourmet brewed coffee,Ethiopia Lg
594,02/01/2023,09:07:31,2,5,Lower Manhattan,37,3,Coffee,Barista Espresso,Espresso shot
595,02/01/2023,09:11:10,1,8,Hell's Kitchen,59,4.5,Drinking Chocolate,Hot chocolate,Dark chocolate Lg
596,02/01/2023,09:11:10,1,8,Hell's Kitchen,79,3.75,Bakery,Scone,Jumbo Savory Scone
597,02/01/2023,09:11:45,1,8,Hell's Kitchen,61,4.75,Drinking Chocolate,Hot chocolate,Sustainably Grown Organic Lg
598,02/01/2023,09:11:57,2,8,Hell's Kitchen,34,2.45,Coffee,Premium brewed coffee,Jamaican Coffee River Sm
599,02/01/2023,09:11:57,1,8,Hell's Kitchen,72,3.25,Bakery,Scone,Ginger Scone
600,02/01/2023,09:12:47,2,5,Lower Manhattan,31,2.2,Coffee,Gourmet brewed coffee,Ethiopia Sm
601,02/01/2023,09:12:47,1,5,Lower Manhattan,75,3.5,Bakery,Pastry,Croissant
602,02/01/2023,09:17:08,1,8,Hell's Kitchen,46,2.5,Tea,Brewed Green tea,Serenity Green Tea Rg
603,02/01/2023,09:21:01,1,8,Hell's Kitchen,55,4,Tea,Brewed Chai tea,Morning Sunrise Chai Lg
604,02/01/2023,09:22:26,1,8,Hell's Kitchen,40,3.75,Coffee,Barista Espresso,Cappuccino
605,02/01/2023,09:25:27,1,5,Lower Manhattan,29,2.5,Coffee,Gourmet brewed coffee,Columbian Medium Roast Rg
606,02/01/2023,09:26:16,2,8,Hell's Kitchen,28,2,Coffee,Gourmet brewed coffee,Columbian Medium Roast Sm
607,02/01/2023,09:29:47,2,8,Hell's Kitchen,22,2,Coffee,Drip coffee,Our Old Time Diner Blend Sm
608,02/01/2023,09:29:47,1,8,Hell's Kitchen,70,3.25,Bakery,Scone,Cranberry Scone
609,02/01/2023,09:31:37,2,8,Hell's Kitchen,59,4.5,Drinking Chocolate,Hot chocolate,Dark chocolate Lg
610,02/01/2023,09:33:57,2,8,Hell's Kitchen,23,2.5,Coffee,Drip coffee,Our Old Time Diner Blend Rg
611,02/01/2023,09:36:26,1,8,Hell's Kitchen,87,3,Coffee,Barista Espresso,Ouro Brasileiro shot
612,02/01/2023,09:38:46,2,8,Hell's Kitchen,87,3,Coffee,Barista Espresso,Ouro Brasileiro shot
613,02/01/2023,09:40:52,1,5,Lower Manhattan,48,2.5,Tea,Brewed Black tea,English Breakfast Rg
614,02/01/2023,09:45:34,1,5,Lower Manhattan,30,3,Coffee,Gourmet brewed coffee,Columbian Medium Roast Lg
615,02/01/2023,09:46:33,2,8,Hell's Kitchen,48,2.5,Tea,Brewed Black tea,English Breakfast Rg
616,02/01/2023,09:48:46,2,8,Hell's Kitchen,32,3,Coffee,Gourmet brewed coffee,Ethiopia Rg
617,02/01/2023,09:50:09,1,8,Hell's Kitchen,27,3.5,Coffee,Organic brewed coffee,Brazilian Lg
618,02/01/2023,09:50:57,1,5,Lower Manhattan,23,2.5,Coffee,Drip coffee,Our Old Time Diner Blend Rg
619,02/01/2023,09:52:17,1,5,Lower Manhattan,26,3,Coffee,Organic brewed coffee,Brazilian Rg
620,02/01/2023,09:54:48,1,8,Hell's Kitchen,34,2.45,Coffee,Premium brewed coffee,Jamaican Coffee River Sm
621,02/01/2023,09:56:28,2,8,Hell's Kitchen,41,4.25,Coffee,Barista Espresso,Cappuccino Lg
622,02/01/2023,09:56:45,1,5,Lower Manhattan,51,3,Tea,Brewed Black tea,Earl Grey Lg
623,02/01/2023,09:58:47,2,5,Lower Manhattan,37,3,Coffee,Barista Espresso,Espresso shot
624,02/01/2023,10:01:57,1,8,Hell's Kitchen,61,4.75,Drinking Chocolate,Hot chocolate,Sustainably Grown Organic Lg
625,02/01/2023,10:03:39,1,8,Hell's Kitchen,30,3,Coffee,Gourmet brewed coffee,Columbian Medium Roast Lg
626,02/01/2023,10:03:39,1,8,Hell's Kitchen,76,3.5,Bakery,Biscotti,Chocolate Chip Biscotti
627,02/01/2023,10:05:11,1,5,Lower Manhattan,58,3.5,Drinking Chocolate,Hot chocolate,Dark chocolate Rg
628,02/01/2023,10:05:22,1,5,Lower Manhattan,55,4,Tea,Brewed Chai tea,Morning Sunrise Chai Lg
629,02/01/2023,10:07:28,1,5,Lower Manhattan,26,3,Coffee,Organic brewed coffee,Brazilian Rg
630,02/01/2023,10:08:23,1,8,Hell's Kitchen,43,3,Tea,Brewed herbal tea,Lemon Grass Lg
631,02/01/2023,10:10:47,2,8,Hell's Kitchen,56,2.55,Tea,Brewed Chai tea,Spicy Eye Opener Chai Rg
632,02/01/2023,10:13:55,2,5,Lower Manhattan,26,3,Coffee,Organic brewed coffee,Brazilian Rg
633,02/01/2023,10:13:55,1,5,Lower Manhattan,79,3.75,Bakery,Scone,Jumbo Savory Scone
634,02/01/2023,10:16:43,1,5,Lower Manhattan,28,2,Coffee,Gourmet brewed coffee,Columbian Medium Roast Sm
635,02/01/2023,10:19:33,1,8,Hell's Kitchen,61,4.75,Drinking Chocolate,Hot chocolate,Sustainably Grown Organic Lg
636,02/01/2023,10:20:52,2,8,Hell's Kitchen,42,2.5,Tea,Brewed herbal tea,Lemon Grass Rg
637,02/01/2023,10:22:19,1,5,Lower Manhattan,23,2.5,Coffee,Drip coffee,Our Old Time Diner Blend Rg
638,02/01/2023,10:26:49,1,5,Lower Manhattan,23,2.5,Coffee,Drip coffee,Our Old Time Diner Blend Rg
639,02/01/2023,10:27:05,1,5,Lower Manhattan,25,2.2,Coffee,Organic brewed coffee,Brazilian Sm
640,02/01/2023,10:28:41,1,8,Hell's Kitchen,42,2.5,Tea,Brewed herbal tea,Lemon Grass Rg
641,02/01/2023,10:30:39,2,8,Hell's Kitchen,44,2.5,Tea,Brewed herbal tea,Peppermint Rg
642,02/01/2023,10:36:18,2,8,Hell's Kitchen,50,2.5,Tea,Brewed Black tea,Earl Grey Rg
643,02/01/2023,10:36:44,1,5,Lower Manhattan,51,3,Tea,Brewed Black tea,Earl Grey Lg
644,02/01/2023,10:38:55,2,8,Hell's Kitchen,51,3,Tea,Brewed Black tea,Earl Grey Lg
645,02/01/2023,10:48:57,1,5,Lower Manhattan,53,3,Tea,Brewed Chai tea,Traditional Blend Chai Lg
646,02/01/2023,10:49:58,1,8,Hell's Kitchen,32,3,Coffee,Gourmet brewed coffee,Ethiopia Rg
647,02/01/2023,10:55:08,1,8,Hell's Kitchen,55,4,Tea,Brewed Chai tea,Morning Sunrise Chai Lg
648,02/01/2023,10:55:35,1,8,Hell's Kitchen,48,2.5,Tea,Brewed Black tea,English Breakfast Rg
649,02/01/2023,10:59:58,1,8,Hell's Kitchen,32,3,Coffee,Gourmet brewed coffee,Ethiopia Rg
650,02/01/2023,11:01:06,2,5,Lower Manhattan,48,2.5,Tea,Brewed Black tea,English Breakfast Rg
651,02/01/2023,11:04:21,1,3,Astoria,27,3.5,Coffee,Organic brewed coffee,Brazilian Lg
652,02/01/2023,11:04:21,1,3,Astoria,70,3.25,Bakery,Scone,Cranberry Scone
653,02/01/2023,11:06:10,1,3,Astoria,26,3,Coffee,Organic brewed coffee,Brazilian Rg
654,02/01/2023,11:06:10,1,3,Astoria,77,3,Bakery,Scone,Oatmeal Scone
655,02/01/2023,11:06:28,1,5,Lower Manhattan,25,2.2,Coffee,Organic brewed coffee,Brazilian Sm
656,02/01/2023,11:10:15,2,8,Hell's Kitchen,29,2.5,Coffee,Gourmet brewed coffee,Columbian Medium Roast Rg
657,02/01/2023,11:11:23,2,3,Astoria,26,3,Coffee,Organic brewed coffee,Brazilian Rg
658,02/01/2023,11:12:05,1,8,Hell's Kitchen,41,4.25,Coffee,Barista Espresso,Cappuccino Lg
659,02/01/2023,11:12:33,1,5,Lower Manhattan,46,2.5,Tea,Brewed Green tea,Serenity Green Tea Rg
660,02/01/2023,11:13:01,2,3,Astoria,22,2,Coffee,Drip coffee,Our Old Time Diner Blend Sm
661,02/01/2023,11:13:37,1,8,Hell's Kitchen,50,2.5,Tea,Brewed Black tea,Earl Grey Rg
662,02/01/2023,11:14:15,2,3,Astoria,32,3,Coffee,Gourmet brewed coffee,Ethiopia Rg
663,02/01/2023,11:15:12,1,3,Astoria,40,3.75,Coffee,Barista Espresso,Cappuccino
664,02/01/2023,11:15:28,1,3,Astoria,30,3,Coffee,Gourmet brewed coffee,Columbian Medium Roast Lg
665,02/01/2023,11:15:40,1,3,Astoria,42,2.5,Tea,Brewed herbal tea,Lemon Grass Rg
666,02/01/2023,11:16:51,2,3,Astoria,31,2.2,Coffee,Gourmet brewed coffee,Ethiopia Sm
667,02/01/2023,11:16:51,1,3,Astoria,75,3.5,Bakery,Pastry,Croissant
668,02/01/2023,11:18:12,2,3,Astoria,36,3.75,Coffee,Premium brewed coffee,Jamaican Coffee River Lg
669,02/01/2023,11:18:25,2,3,Astoria,52,2.5,Tea,Brewed Chai tea,Traditional Blend Chai Rg
670,02/01/2023,11:19:12,2,3,Astoria,30,3,Coffee,Gourmet brewed coffee,Columbian Medium Roast Lg
671,02/01/2023,11:19:42,1,8,Hell's Kitchen,35,3.1,Coffee,Premium brewed coffee,Jamaican Coffee River Rg
672,02/01/2023,11:21:43,2,3,Astoria,29,2.5,Coffee,Gourmet brewed coffee,Columbian Medium Roast Rg
673,02/01/2023,11:21:49,2,3,Astoria,38,3.75,Coffee,Barista Espresso,Latte
674,02/01/2023,11:22:46,1,3,Astoria,53,3,Tea,Brewed Chai tea,Traditional Blend Chai Lg
675,02/01/2023,11:25:20,2,5,Lower Manhattan,54,2.5,Tea,Brewed Chai tea,Morning Sunrise Chai Rg
676,02/01/2023,11:27:35,2,5,Lower Manhattan,48,2.5,Tea,Brewed Black tea,English Breakfast Rg
677,02/01/2023,11:32:11,2,8,Hell's Kitchen,47,3,Tea,Brewed Green tea,Serenity Green Tea Lg
678,02/01/2023,11:34:44,1,8,Hell's Kitchen,43,3,Tea,Brewed herbal tea,Lemon Grass Lg
679,02/01/2023,11:35:02,1,3,Astoria,49,3,Tea,Brewed Black tea,English Breakfast Lg
680,02/01/2023,11:35:02,1,3,Astoria,79,3.75,Bakery,Scone,Jumbo Savory Scone
681,02/01/2023,11:35:14,2,3,Astoria,25,2.2,Coffee,Organic brewed coffee,Brazilian Sm
682,02/01/2023,11:35:14,1,3,Astoria,69,3.25,Bakery,Biscotti,Hazelnut Biscotti
683,02/01/2023,11:36:50,2,5,Lower Manhattan,58,3.5,Drinking Chocolate,Hot chocolate,Dark chocolate Rg
684,02/01/2023,11:38:23,2,3,Astoria,24,3,Coffee,Drip coffee,Our Old Time Diner Blend Lg
685,02/01/2023,11:39:11,2,5,Lower Manhattan,42,2.5,Tea,Brewed herbal tea,Lemon Grass Rg
686,02/01/2023,11:39:11,1,5,Lower Manhattan,74,3.5,Bakery,Biscotti,Ginger Biscotti
687,02/01/2023,11:40:12,2,8,Hell's Kitchen,45,3,Tea,Brewed herbal tea,Peppermint Lg
688,02/01/2023,11:41:54,1,5,Lower Manhattan,48,2.5,Tea,Brewed Black tea,English Breakfast Rg
689,02/01/2023,11:42:36,2,8,Hell's Kitchen,45,3,Tea,Brewed herbal tea,Peppermint Lg
690,02/01/2023,11:42:36,1,8,Hell's Kitchen,72,3.25,Bakery,Scone,Ginger Scone
691,02/01/2023,11:43:04,2,3,Astoria,26,3,Coffee,Organic brewed coffee,Brazilian Rg
692,02/01/2023,11:49:10,1,5,Lower Manhattan,44,2.5,Tea,Brewed herbal tea,Peppermint Rg
693,02/01/2023,11:50:18,1,8,Hell's Kitchen,33,3.5,Coffee,Gourmet brewed coffee,Ethiopia Lg
694,02/01/2023,11:50:32,1,8,Hell's Kitchen,33,3.5,Coffee,Gourmet brewed coffee,Ethiopia Lg
695,02/01/2023,11:53:48,2,8,Hell's Kitchen,48,2.5,Tea,Brewed Black tea,English Breakfast Rg
696,02/01/2023,11:53:54,2,8,Hell's Kitchen,59,4.5,Drinking Chocolate,Hot chocolate,Dark chocolate Lg
697,02/01/2023,11:54:01,2,5,Lower Manhattan,43,3,Tea,Brewed herbal tea,Lemon Grass Lg
698,02/01/2023,11:54:30,1,3,Astoria,26,3,Coffee,Organic brewed coffee,Brazilian Rg
699,02/01/2023,11:55:31,1,3,Astoria,53,3,Tea,Brewed Chai tea,Traditional Blend Chai Lg
700,02/01/2023,11:56:26,1,8,Hell's Kitchen,28,2,Coffee,Gourmet brewed coffee,Columbian Medium Roast Sm
701,02/01/2023,11:56:58,1,8,Hell's Kitchen,37,3,Coffee,Barista Espresso,Espresso shot
702,02/01/2023,11:56:58,1,8,Hell's Kitchen,78,4.5,Bakery,Scone,Scottish Cream Scone 
703,02/01/2023,11:58:49,2,8,Hell's Kitchen,35,3.1,Coffee,Premium brewed coffee,Jamaican Coffee River Rg
704,02/01/2023,11:58:49,1,8,Hell's Kitchen,71,3.75,Bakery,Pastry,Chocolate Croissant
705,02/01/2023,12:01:50,1,3,Astoria,53,3,Tea,Brewed Chai tea,Traditional Blend Chai Lg
706,02/01/2023,12:03:47,1,3,Astoria,23,2.5,Coffee,Drip coffee,Our Old Time Diner Blend Rg
707,02/01/2023,12:06:18,1,3,Astoria,32,3,Coffee,Gourmet brewed coffee,Ethiopia Rg
708,02/01/2023,12:12:01,2,3,Astoria,24,3,Coffee,Drip coffee,Our Old Time Diner Blend Lg
709,02/01/2023,12:12:44,1,3,Astoria,42,2.5,Tea,Brewed herbal tea,Lemon Grass Rg
710,02/01/2023,12:14:00,1,8,Hell's Kitchen,54,2.5,Tea,Brewed Chai tea,Morning Sunrise Chai Rg
711,02/01/2023,12:18:13,1,3,Astoria,55,4,Tea,Brewed Chai tea,Morning Sunrise Chai Lg
712,02/01/2023,12:18:22,2,3,Astoria,25,2.2,Coffee,Organic brewed coffee,Brazilian Sm
713,02/01/2023,12:18:22,1,3,Astoria,79,3.75,Bakery,Scone,Jumbo Savory Scone
714,02/01/2023,12:20:43,1,5,Lower Manhattan,47,3,Tea,Brewed Green tea,Serenity Green Tea Lg
715,02/01/2023,12:20:43,1,5,Lower Manhattan,71,3.75,Bakery,Pastry,Chocolate Croissant
716,02/01/2023,12:21:38,1,8,Hell's Kitchen,48,2.5,Tea,Brewed Black tea,English Breakfast Rg
717,02/01/2023,12:21:39,1,3,Astoria,49,3,Tea,Brewed Black tea,English Breakfast Lg
718,02/01/2023,12:21:58,2,3,Astoria,53,3,Tea,Brewed Chai tea,Traditional Blend Chai Lg
719,02/01/2023,12:22:04,1,3,Astoria,22,2,Coffee,Drip coffee,Our Old Time Diner Blend Sm
720,02/01/2023,12:22:12,1,5,Lower Manhattan,55,4,Tea,Brewed Chai tea,Morning Sunrise Chai Lg
721,02/01/2023,12:22:12,1,5,Lower Manhattan,79,3.75,Bakery,Scone,Jumbo Savory Scone
722,02/01/2023,12:23:03,1,5,Lower Manhattan,22,2,Coffee,Drip coffee,Our Old Time Diner Blend Sm
723,02/01/2023,12:23:30,1,3,Astoria,43,3,Tea,Brewed herbal tea,Lemon Grass Lg
724,02/01/2023,12:23:30,1,3,Astoria,78,4.5,Bakery,Scone,Scottish Cream Scone 
725,02/01/2023,12:24:39,2,5,Lower Manhattan,33,3.5,Coffee,Gourmet brewed coffee,Ethiopia Lg
726,02/01/2023,12:24:39,1,5,Lower Manhattan,69,3.25,Bakery,Biscotti,Hazelnut Biscotti
727,02/01/2023,12:25:03,1,3,Astoria,24,3,Coffee,Drip coffee,Our Old Time Diner Blend Lg
728,02/01/2023,12:25:24,2,5,Lower Manhattan,56,2.55,Tea,Brewed Chai tea,Spicy Eye Opener Chai Rg
729,02/01/2023,12:26:13,2,5,Lower Manhattan,25,2.2,Coffee,Organic brewed coffee,Brazilian Sm
730,02/01/2023,12:26:13,1,5,Lower Manhattan,78,4.5,Bakery,Scone,Scottish Cream Scone 
731,02/01/2023,12:26:18,1,8,Hell's Kitchen,28,2,Coffee,Gourmet brewed coffee,Columbian Medium Roast Sm
732,02/01/2023,12:27:01,1,8,Hell's Kitchen,60,3.75,Drinking Chocolate,Hot chocolate,Sustainably Grown Organic Rg
733,02/01/2023,12:28:08,2,3,Astoria,51,3,Tea,Brewed Black tea,Earl Grey Lg
734,02/01/2023,12:28:25,1,3,Astoria,60,3.75,Drinking Chocolate,Hot chocolate,Sustainably Grown Organic Rg
735,02/01/2023,12:29:07,1,3,Astoria,24,3,Coffee,Drip coffee,Our Old Time Diner Blend Lg
736,02/01/2023,12:30:43,2,3,Astoria,50,2.5,Tea,Brewed Black tea,Earl Grey Rg
737,02/01/2023,12:32:19,1,8,Hell's Kitchen,57,3.1,Tea,Brewed Chai tea,Spicy Eye Opener Chai Lg
738,02/01/2023,12:33:04,2,3,Astoria,32,3,Coffee,Gourmet brewed coffee,Ethiopia Rg
739,02/01/2023,12:34:00,1,3,Astoria,24,3,Coffee,Drip coffee,Our Old Time Diner Blend Lg
740,02/01/2023,12:36:06,1,8,Hell's Kitchen,43,3,Tea,Brewed herbal tea,Lemon Grass Lg
741,02/01/2023,12:36:37,1,5,Lower Manhattan,25,2.2,Coffee,Organic brewed coffee,Brazilian Sm
742,02/01/2023,12:38:47,2,8,Hell's Kitchen,87,3,Coffee,Barista Espresso,Ouro Brasileiro shot
743,02/01/2023,12:38:51,1,3,Astoria,56,2.55,Tea,Brewed Chai tea,Spicy Eye Opener Chai Rg
744,02/01/2023,12:39:04,2,5,Lower Manhattan,87,3,Coffee,Barista Espresso,Ouro Brasileiro shot
745,02/01/2023,12:41:28,1,8,Hell's Kitchen,87,3,Coffee,Barista Espresso,Ouro Brasileiro shot
746,02/01/2023,12:42:19,1,5,Lower Manhattan,52,2.5,Tea,Brewed Chai tea,Traditional Blend Chai Rg
747,02/01/2023,12:42:47,1,8,Hell's Kitchen,60,3.75,Drinking Chocolate,Hot chocolate,Sustainably Grown Organic Rg
748,02/01/2023,12:45:02,1,5,Lower Manhattan,26,3,Coffee,Organic brewed coffee,Brazilian Rg
749,02/01/2023,12:46:04,2,3,Astoria,46,2.5,Tea,Brewed Green tea,Serenity Green Tea Rg
750,02/01/2023,12:47:49,2,3,Astoria,46,2.5,Tea,Brewed Green tea,Serenity Green Tea Rg
751,02/01/2023,12:53:16,2,8,Hell's Kitchen,22,2,Coffee,Drip coffee,Our Old Time Diner Blend Sm
752,02/01/2023,12:54:07,1,5,Lower Manhattan,58,3.5,Drinking Chocolate,Hot chocolate,Dark chocolate Rg
753,02/01/2023,12:54:07,1,5,Lower Manhattan,77,3,Bakery,Scone,Oatmeal Scone
754,02/01/2023,12:54:53,2,5,Lower Manhattan,52,2.5,Tea,Brewed Chai tea,Traditional Blend Chai Rg
755,02/01/2023,12:55:19,1,3,Astoria,52,2.5,Tea,Brewed Chai tea,Traditional Blend Chai Rg
756,02/01/2023,12:57:55,2,8,Hell's Kitchen,30,3,Coffee,Gourmet brewed coffee,Columbian Medium Roast Lg
757,02/01/2023,12:58:04,2,3,Astoria,53,3,Tea,Brewed Chai tea,Traditional Blend Chai Lg
758,02/01/2023,12:58:38,2,8,Hell's Kitchen,26,3,Coffee,Organic brewed coffee,Brazilian Rg
759,02/01/2023,12:58:57,1,8,Hell's Kitchen,35,3.1,Coffee,Premium brewed coffee,Jamaican Coffee River Rg
760,02/01/2023,12:59:28,1,8,Hell's Kitchen,47,3,Tea,Brewed Green tea,Serenity Green Tea Lg
761,02/01/2023,12:59:45,2,3,Astoria,24,3,Coffee,Drip coffee,Our Old Time Diner Blend Lg
762,02/01/2023,13:02:03,2,3,Astoria,27,3.5,Coffee,Organic brewed coffee,Brazilian Lg
763,02/01/2023,13:03:14,2,8,Hell's Kitchen,40,3.75,Coffee,Barista Espresso,Cappuccino
764,02/01/2023,13:03:14,1,8,Hell's Kitchen,76,3.5,Bakery,Biscotti,Chocolate Chip Biscotti
765,02/01/2023,13:03:33,2,5,Lower Manhattan,22,2,Coffee,Drip coffee,Our Old Time Diner Blend Sm
766,02/01/2023,13:03:53,2,3,Astoria,28,2,Coffee,Gourmet brewed coffee,Columbian Medium Roast Sm
767,02/01/2023,13:04:02,1,8,Hell's Kitchen,49,3,Tea,Brewed Black tea,English Breakfast Lg
768,02/01/2023,13:04:56,2,3,Astoria,27,3.5,Coffee,Organic brewed coffee,Brazilian Lg
769,02/01/2023,13:05:41,1,3,Astoria,61,4.75,Drinking Chocolate,Hot chocolate,Sustainably Grown Organic Lg
770,02/01/2023,13:09:27,1,5,Lower Manhattan,51,3,Tea,Brewed Black tea,Earl Grey Lg
771,02/01/2023,13:09:27,1,5,Lower Manhattan,70,3.25,Bakery,Scone,Cranberry Scone
772,02/01/2023,13:10:17,1,8,Hell's Kitchen,33,3.5,Coffee,Gourmet brewed coffee,Ethiopia Lg
773,02/01/2023,13:10:17,1,8,Hell's Kitchen,78,4.5,Bakery,Scone,Scottish Cream Scone 
774,02/01/2023,13:10:41,2,8,Hell's Kitchen,43,3,Tea,Brewed herbal tea,Lemon Grass Lg
775,02/01/2023,13:14:54,2,5,Lower Manhattan,31,2.2,Coffee,Gourmet brewed coffee,Ethiopia Sm
776,02/01/2023,13:15:40,1,5,Lower Manhattan,24,3,Coffee,Drip coffee,Our Old Time Diner Blend Lg
777,02/01/2023,13:21:09,2,3,Astoria,46,2.5,Tea,Brewed Green tea,Serenity Green Tea Rg
778,02/01/2023,13:21:23,2,8,Hell's Kitchen,50,2.5,Tea,Brewed Black tea,Earl Grey Rg
779,02/01/2023,13:23:18,2,3,Astoria,39,4.25,Coffee,Barista Espresso,Latte Rg
780,02/01/2023,13:23:38,1,3,Astoria,44,2.5,Tea,Brewed herbal tea,Peppermint Rg
781,02/01/2023,13:24:33,2,3,Astoria,31,2.2,Coffee,Gourmet brewed coffee,Ethiopia Sm
782,02/01/2023,13:25:02,1,8,Hell's Kitchen,57,3.1,Tea,Brewed Chai tea,Spicy Eye Opener Chai Lg
783,02/01/2023,13:26:47,1,3,Astoria,47,3,Tea,Brewed Green tea,Serenity Green Tea Lg
784,02/01/2023,13:28:24,2,8,Hell's Kitchen,44,2.5,Tea,Brewed herbal tea,Peppermint Rg
785,02/01/2023,13:29:51,1,3,Astoria,38,3.75,Coffee,Barista Espresso,Latte
786,02/01/2023,13:29:59,1,3,Astoria,56,2.55,Tea,Brewed Chai tea,Spicy Eye Opener Chai Rg
787,02/01/2023,13:30:00,2,3,Astoria,27,3.5,Coffee,Organic brewed coffee,Brazilian Lg
788,02/01/2023,13:30:00,1,3,Astoria,76,3.5,Bakery,Biscotti,Chocolate Chip Biscotti
789,02/01/2023,13:30:05,1,8,Hell's Kitchen,50,2.5,Tea,Brewed Black tea,Earl Grey Rg
790,02/01/2023,13:30:15,1,3,Astoria,30,3,Coffee,Gourmet brewed coffee,Columbian Medium Roast Lg
791,02/01/2023,13:30:30,2,3,Astoria,39,4.25,Coffee,Barista Espresso,Latte Rg
792,02/01/2023,13:30:30,1,8,Hell's Kitchen,31,2.2,Coffee,Gourmet brewed coffee,Ethiopia Sm
793,02/01/2023,13:34:02,1,8,Hell's Kitchen,23,2.5,Coffee,Drip coffee,Our Old Time Diner Blend Rg
794,02/01/2023,13:35:24,2,5,Lower Manhattan,32,3,Coffee,Gourmet brewed coffee,Ethiopia Rg
795,02/01/2023,13:35:24,2,8,Hell's Kitchen,30,3,Coffee,Gourmet brewed coffee,Columbian Medium Roast Lg
796,02/01/2023,13:39:11,2,3,Astoria,23,2.5,Coffee,Drip coffee,Our Old Time Diner Blend Rg
797,02/01/2023,13:40:11,1,3,Astoria,39,4.25,Coffee,Barista Espresso,Latte Rg
798,02/01/2023,13:40:36,2,8,Hell's Kitchen,47,3,Tea,Brewed Green tea,Serenity Green Tea Lg
799,02/01/2023,13:40:53,1,5,Lower Manhattan,48,2.5,Tea,Brewed Black tea,English Breakfast Rg
800,02/01/2023,13:40:53,1,5,Lower Manhattan,79,3.75,Bakery,Scone,Jumbo Savory Scone
801,02/01/2023,13:42:07,1,8,Hell's Kitchen,36,3.75,Coffee,Premium brewed coffee,Jamaican Coffee River Lg
802,02/01/2023,13:47:24,1,3,Astoria,28,2,Coffee,Gourmet brewed coffee,Columbian Medium Roast Sm
803,02/01/2023,13:47:27,2,8,Hell's Kitchen,59,4.5,Drinking Chocolate,Hot chocolate,Dark chocolate Lg
804,02/01/2023,13:48:27,2,8,Hell's Kitchen,26,3,Coffee,Organic brewed coffee,Brazilian Rg
805,02/01/2023,13:48:27,1,8,Hell's Kitchen,73,3.75,Bakery,Pastry,Almond Croissant
806,02/01/2023,13:51:33,1,3,Astoria,60,3.75,Drinking Chocolate,Hot chocolate,Sustainably Grown Organic Rg
807,02/01/2023,13:51:33,1,3,Astoria,70,3.25,Bakery,Scone,Cranberry Scone
808,02/01/2023,13:52:27,2,3,Astoria,54,2.5,Tea,Brewed Chai tea,Morning Sunrise Chai Rg
809,02/01/2023,13:53:04,1,8,Hell's Kitchen,26,3,Coffee,Organic brewed coffee,Brazilian Rg
810,02/01/2023,13:53:04,1,8,Hell's Kitchen,79,3.75,Bakery,Scone,Jumbo Savory Scone
811,02/01/2023,13:55:38,1,8,Hell's Kitchen,23,2.5,Coffee,Drip coffee,Our Old Time Diner Blend Rg
812,02/01/2023,13:55:38,1,8,Hell's Kitchen,71,3.75,Bakery,Pastry,Chocolate Croissant
813,02/01/2023,13:56:19,1,5,Lower Manhattan,39,4.25,Coffee,Barista Espresso,Latte Rg
814,02/01/2023,13:57:59,2,8,Hell's Kitchen,38,3.75,Coffee,Barista Espresso,Latte
815,02/01/2023,13:58:30,2,3,Astoria,36,3.75,Coffee,Premium brewed coffee,Jamaican Coffee River Lg
816,02/01/2023,13:58:36,1,3,Astoria,39,4.25,Coffee,Barista Espresso,Latte Rg
817,02/01/2023,14:01:23,1,8,Hell's Kitchen,46,2.5,Tea,Brewed Green tea,Serenity Green Tea Rg
818,02/01/2023,14:02:16,2,8,Hell's Kitchen,25,2.2,Coffee,Organic brewed coffee,Brazilian Sm
819,02/01/2023,14:02:44,2,3,Astoria,22,2,Coffee,Drip coffee,Our Old Time Diner Blend Sm
820,02/01/2023,14:03:27,1,3,Astoria,59,4.5,Drinking Chocolate,Hot chocolate,Dark chocolate Lg
821,02/01/2023,14:05:27,1,5,Lower Manhattan,56,2.55,Tea,Brewed Chai tea,Spicy Eye Opener Chai Rg
822,02/01/2023,14:05:27,1,5,Lower Manhattan,75,3.5,Bakery,Pastry,Croissant
823,02/01/2023,14:07:17,1,3,Astoria,37,3,Coffee,Barista Espresso,Espresso shot
824,02/01/2023,14:07:49,2,5,Lower Manhattan,60,3.75,Drinking Chocolate,Hot chocolate,Sustainably Grown Organic Rg
825,02/01/2023,14:08:49,1,3,Astoria,40,3.75,Coffee,Barista Espresso,Cappuccino
826,02/01/2023,14:11:08,1,5,Lower Manhattan,28,2,Coffee,Gourmet brewed coffee,Columbian Medium Roast Sm
827,02/01/2023,14:12:00,1,8,Hell's Kitchen,46,2.5,Tea,Brewed Green tea,Serenity Green Tea Rg
828,02/01/2023,14:12:07,2,5,Lower Manhattan,51,3,Tea,Brewed Black tea,Earl Grey Lg
829,02/01/2023,14:12:35,2,3,Astoria,54,2.5,Tea,Brewed Chai tea,Morning Sunrise Chai Rg
830,02/01/2023,14:12:35,1,3,Astoria,72,3.25,Bakery,Scone,Ginger Scone
831,02/01/2023,14:13:26,1,8,Hell's Kitchen,55,4,Tea,Brewed Chai tea,Morning Sunrise Chai Lg
832,02/01/2023,14:13:37,2,5,Lower Manhattan,25,2.2,Coffee,Organic brewed coffee,Brazilian Sm
833,02/01/2023,14:14:26,2,3,Astoria,58,3.5,Drinking Chocolate,Hot chocolate,Dark chocolate Rg
834,02/01/2023,14:17:08,1,3,Astoria,23,2.5,Coffee,Drip coffee,Our Old Time Diner Blend Rg
835,02/01/2023,14:17:55,2,3,Astoria,61,4.75,Drinking Chocolate,Hot chocolate,Sustainably Grown Organic Lg
836,02/01/2023,14:17:55,1,3,Astoria,75,3.5,Bakery,Pastry,Croissant
837,02/01/2023,14:19:24,1,3,Astoria,49,3,Tea,Brewed Black tea,English Breakfast Lg
838,02/01/2023,14:21:55,2,8,Hell's Kitchen,41,4.25,Coffee,Barista Espresso,Cappuccino Lg
839,02/01/2023,14:24:46,1,3,Astoria,30,3,Coffee,Gourmet brewed coffee,Columbian Medium Roast Lg
840,02/01/2023,14:25:35,1,8,Hell's Kitchen,31,2.2,Coffee,Gourmet brewed coffee,Ethiopia Sm
841,02/01/2023,14:26:33,1,8,Hell's Kitchen,36,3.75,Coffee,Premium brewed coffee,Jamaican Coffee River Lg
842,02/01/2023,14:29:35,2,3,Astoria,43,3,Tea,Brewed herbal tea,Lemon Grass Lg
843,02/01/2023,14:29:35,1,3,Astoria,71,3.75,Bakery,Pastry,Chocolate Croissant
844,02/01/2023,14:33:26,1,3,Astoria,22,2,Coffee,Drip coffee,Our Old Time Diner Blend Sm
845,02/01/2023,14:33:58,2,5,Lower Manhattan,37,3,Coffee,Barista Espresso,Espresso shot
846,02/01/2023,14:34:53,1,3,Astoria,48,2.5,Tea,Brewed Black tea,English Breakfast Rg
847,02/01/2023,14:36:56,2,5,Lower Manhattan,87,3,Coffee,Barista Espresso,Ouro Brasileiro shot
848,02/01/2023,14:37:44,2,8,Hell's Kitchen,52,2.5,Tea,Brewed Chai tea,Traditional Blend Chai Rg
849,02/01/2023,14:39:18,1,8,Hell's Kitchen,24,3,Coffee,Drip coffee,Our Old Time Diner Blend Lg
850,02/01/2023,14:40:25,2,3,Astoria,40,3.75,Coffee,Barista Espresso,Cappuccino
851,02/01/2023,14:42:21,1,3,Astoria,47,3,Tea,Brewed Green tea,Serenity Green Tea Lg
852,02/01/2023,14:42:21,1,3,Astoria,72,3.25,Bakery,Scone,Ginger Scone
853,02/01/2023,14:44:28,2,5,Lower Manhattan,52,2.5,Tea,Brewed Chai tea,Traditional Blend Chai Rg
854,02/01/2023,14:46:31,2,8,Hell's Kitchen,23,2.5,Coffee,Drip coffee,Our Old Time Diner Blend Rg
855,02/01/2023,14:48:02,2,5,Lower Manhattan,27,3.5,Coffee,Organic brewed coffee,Brazilian Lg
856,02/01/2023,14:48:05,1,5,Lower Manhattan,41,4.25,Coffee,Barista Espresso,Cappuccino Lg
857,02/01/2023,14:48:53,1,8,Hell's Kitchen,32,3,Coffee,Gourmet brewed coffee,Ethiopia Rg
858,02/01/2023,14:51:11,1,3,Astoria,36,3.75,Coffee,Premium brewed coffee,Jamaican Coffee River Lg
859,02/01/2023,14:52:26,1,5,Lower Manhattan,46,2.5,Tea,Brewed Green tea,Serenity Green Tea Rg
860,02/01/2023,14:52:26,1,5,Lower Manhattan,76,3.5,Bakery,Biscotti,Chocolate Chip Biscotti
861,02/01/2023,14:54:33,2,3,Astoria,37,3,Coffee,Barista Espresso,Espresso shot
862,02/01/2023,14:54:40,1,5,Lower Manhattan,87,3,Coffee,Barista Espresso,Ouro Brasileiro shot
863,02/01/2023,14:54:46,2,5,Lower Manhattan,52,2.5,Tea,Brewed Chai tea,Traditional Blend Chai Rg
864,02/01/2023,14:55:38,2,8,Hell's Kitchen,36,3.75,Coffee,Premium brewed coffee,Jamaican Coffee River Lg
865,02/01/2023,14:58:21,2,8,Hell's Kitchen,87,3,Coffee,Barista Espresso,Ouro Brasileiro shot
866,02/01/2023,14:58:28,2,8,Hell's Kitchen,46,2.5,Tea,Brewed Green tea,Serenity Green Tea Rg
867,02/01/2023,14:59:08,1,8,Hell's Kitchen,30,3,Coffee,Gourmet brewed coffee,Columbian Medium Roast Lg
868,02/01/2023,15:03:12,2,3,Astoria,26,3,Coffee,Organic brewed coffee,Brazilian Rg
869,02/01/2023,15:03:12,1,3,Astoria,73,3.75,Bakery,Pastry,Almond Croissant
870,02/01/2023,15:04:21,2,3,Astoria,23,2.5,Coffee,Drip coffee,Our Old Time Diner Blend Rg
871,02/01/2023,15:05:22,1,3,Astoria,27,3.5,Coffee,Organic brewed coffee,Brazilian Lg
872,02/01/2023,15:05:22,1,3,Astoria,79,3.75,Bakery,Scone,Jumbo Savory Scone
873,02/01/2023,15:09:48,2,5,Lower Manhattan,31,2.2,Coffee,Gourmet brewed coffee,Ethiopia Sm
874,02/01/2023,15:10:48,1,8,Hell's Kitchen,44,2.5,Tea,Brewed herbal tea,Peppermint Rg
875,02/01/2023,15:12:44,1,3,Astoria,52,2.5,Tea,Brewed Chai tea,Traditional Blend Chai Rg
876,02/01/2023,15:15:03,1,3,Astoria,40,3.75,Coffee,Barista Espresso,Cappuccino
877,02/01/2023,15:15:03,1,3,Astoria,77,3,Bakery,Scone,Oatmeal Scone
878,02/01/2023,15:18:41,1,5,Lower Manhattan,59,4.5,Drinking Chocolate,Hot chocolate,Dark chocolate Lg
879,02/01/2023,15:19:46,1,3,Astoria,53,3,Tea,Brewed Chai tea,Traditional Blend Chai Lg
880,02/01/2023,15:21:45,2,3,Astoria,47,3,Tea,Brewed Green tea,Serenity Green Tea Lg
881,02/01/2023,15:22:19,2,8,Hell's Kitchen,28,2,Coffee,Gourmet brewed coffee,Columbian Medium Roast Sm
882,02/01/2023,15:23:29,2,8,Hell's Kitchen,45,3,Tea,Brewed herbal tea,Peppermint Lg
883,02/01/2023,15:24:16,1,3,Astoria,60,3.75,Drinking Chocolate,Hot chocolate,Sustainably Grown Organic Rg
884,02/01/2023,15:24:52,2,5,Lower Manhattan,48,2.5,Tea,Brewed Black tea,English Breakfast Rg
885,02/01/2023,15:26:08,1,3,Astoria,50,2.5,Tea,Brewed Black tea,Earl Grey Rg
886,02/01/2023,15:26:22,2,5,Lower Manhattan,42,2.5,Tea,Brewed herbal tea,Lemon Grass Rg
887,02/01/2023,15:26:22,1,5,Lower Manhattan,69,3.25,Bakery,Biscotti,Hazelnut Biscotti
888,02/01/2023,15:27:43,1,3,Astoria,58,3.5,Drinking Chocolate,Hot chocolate,Dark chocolate Rg
889,02/01/2023,15:27:48,1,3,Astoria,41,4.25,Coffee,Barista Espresso,Cappuccino Lg
890,02/01/2023,15:28:35,2,5,Lower Manhattan,87,3,Coffee,Barista Espresso,Ouro Brasileiro shot
891,02/01/2023,15:29:31,2,5,Lower Manhattan,44,2.5,Tea,Brewed herbal tea,Peppermint Rg
892,02/01/2023,15:30:51,1,8,Hell's Kitchen,40,3.75,Coffee,Barista Espresso,Cappuccino
893,02/01/2023,15:32:44,2,8,Hell's Kitchen,45,3,Tea,Brewed herbal tea,Peppermint Lg
894,02/01/2023,15:34:44,2,5,Lower Manhattan,34,2.45,Coffee,Premium brewed coffee,Jamaican Coffee River Sm
895,02/01/2023,15:35:22,1,8,Hell's Kitchen,53,3,Tea,Brewed Chai tea,Traditional Blend Chai Lg
896,02/01/2023,15:35:22,1,8,Hell's Kitchen,69,3.25,Bakery,Biscotti,Hazelnut Biscotti
897,02/01/2023,15:35:30,2,5,Lower Manhattan,60,3.75,Drinking Chocolate,Hot chocolate,Sustainably Grown Organic Rg
898,02/01/2023,15:35:30,1,5,Lower Manhattan,70,3.25,Bakery,Scone,Cranberry Scone
899,02/01/2023,15:36:29,2,8,Hell's Kitchen,46,2.5,Tea,Brewed Green tea,Serenity Green Tea Rg
900,02/01/2023,15:36:47,2,3,Astoria,23,2.5,Coffee,Drip coffee,Our Old Time Diner Blend Rg
901,02/01/2023,15:37:20,2,8,Hell's Kitchen,33,3.5,Coffee,Gourmet brewed coffee,Ethiopia Lg
902,02/01/2023,15:37:20,1,8,Hell's Kitchen,69,3.25,Bakery,Biscotti,Hazelnut Biscotti
903,02/01/2023,15:38:44,2,5,Lower Manhattan,47,3,Tea,Brewed Green tea,Serenity Green Tea Lg
904,02/01/2023,15:41:09,1,8,Hell's Kitchen,52,2.5,Tea,Brewed Chai tea,Traditional Blend Chai Rg
905,02/01/2023,15:41:09,1,8,Hell's Kitchen,69,3.25,Bakery,Biscotti,Hazelnut Biscotti
906,02/01/2023,15:41:55,2,5,Lower Manhattan,47,3,Tea,Brewed Green tea,Serenity Green Tea Lg
907,02/01/2023,15:41:55,1,5,Lower Manhattan,74,3.5,Bakery,Biscotti,Ginger Biscotti
908,02/01/2023,15:42:50,1,8,Hell's Kitchen,23,2.5,Coffee,Drip coffee,Our Old Time Diner Blend Rg
909,02/01/2023,15:44:59,2,3,Astoria,44,2.5,Tea,Brewed herbal tea,Peppermint Rg
910,02/01/2023,15:48:55,1,5,Lower Manhattan,46,2.5,Tea,Brewed Green tea,Serenity Green Tea Rg
911,02/01/2023,15:48:55,1,5,Lower Manhattan,73,3.75,Bakery,Pastry,Almond Croissant
912,02/01/2023,15:49:27,1,5,Lower Manhattan,42,2.5,Tea,Brewed herbal tea,Lemon Grass Rg
913,02/01/2023,15:49:27,1,5,Lower Manhattan,78,4.5,Bakery,Scone,Scottish Cream Scone 
914,02/01/2023,15:50:12,2,3,Astoria,54,2.5,Tea,Brewed Chai tea,Morning Sunrise Chai Rg
915,02/01/2023,15:50:12,1,3,Astoria,79,3.75,Bakery,Scone,Jumbo Savory Scone
916,02/01/2023,15:50:27,2,5,Lower Manhattan,47,3,Tea,Brewed Green tea,Serenity Green Tea Lg
917,02/01/2023,15:50:28,2,8,Hell's Kitchen,46,2.5,Tea,Brewed Green tea,Serenity Green Tea Rg
918,02/01/2023,15:51:29,1,5,Lower Manhattan,34,2.45,Coffee,Premium brewed coffee,Jamaican Coffee River Sm
919,02/01/2023,15:51:57,2,5,Lower Manhattan,38,3.75,Coffee,Barista Espresso,Latte
920,02/01/2023,15:52:14,2,5,Lower Manhattan,34,2.45,Coffee,Premium brewed coffee,Jamaican Coffee River Sm
921,02/01/2023,15:52:58,1,8,Hell's Kitchen,56,2.55,Tea,Brewed Chai tea,Spicy Eye Opener Chai Rg
922,02/01/2023,15:54:43,2,8,Hell's Kitchen,28,2,Coffee,Gourmet brewed coffee,Columbian Medium Roast Sm
923,02/01/2023,15:55:19,1,5,Lower Manhattan,55,4,Tea,Brewed Chai tea,Morning Sunrise Chai Lg
924,02/01/2023,15:55:19,1,5,Lower Manhattan,79,3.75,Bakery,Scone,Jumbo Savory Scone
925,02/01/2023,15:55:27,2,5,Lower Manhattan,56,2.55,Tea,Brewed Chai tea,Spicy Eye Opener Chai Rg
926,02/01/2023,15:56:41,1,8,Hell's Kitchen,48,2.5,Tea,Brewed Black tea,English Breakfast Rg
927,02/01/2023,15:58:07,2,5,Lower Manhattan,29,2.5,Coffee,Gourmet brewed coffee,Columbian Medium Roast Rg
928,02/01/2023,15:59:37,1,3,Astoria,58,3.5,Drinking Chocolate,Hot chocolate,Dark chocolate Rg
929,02/01/2023,15:59:53,2,3,Astoria,43,3,Tea,Brewed herbal tea,Lemon Grass Lg
930,02/01/2023,16:00:33,2,3,Astoria,51,3,Tea,Brewed Black tea,Earl Grey Lg
931,02/01/2023,16:00:33,1,3,Astoria,78,4.5,Bakery,Scone,Scottish Cream Scone 
932,02/01/2023,16:02:09,1,5,Lower Manhattan,40,3.75,Coffee,Barista Espresso,Cappuccino
933,02/01/2023,16:02:21,1,5,Lower Manhattan,44,2.5,Tea,Brewed herbal tea,Peppermint Rg
934,02/01/2023,16:05:18,1,5,Lower Manhattan,52,2.5,Tea,Brewed Chai tea,Traditional Blend Chai Rg
935,02/01/2023,16:06:01,2,5,Lower Manhattan,34,2.45,Coffee,Premium brewed coffee,Jamaican Coffee River Sm
936,02/01/2023,16:06:18,1,3,Astoria,39,4.25,Coffee,Barista Espresso,Latte Rg
937,02/01/2023,16:08:22,1,5,Lower Manhattan,54,2.5,Tea,Brewed Chai tea,Morning Sunrise Chai Rg
938,02/01/2023,16:09:17,1,3,Astoria,39,4.25,Coffee,Barista Espresso,Latte Rg
939,02/01/2023,16:09:45,2,3,Astoria,45,3,Tea,Brewed herbal tea,Peppermint Lg
940,02/01/2023,16:11:04,1,3,Astoria,40,3.75,Coffee,Barista Espresso,Cappuccino
941,02/01/2023,16:11:57,2,8,Hell's Kitchen,26,3,Coffee,Organic brewed coffee,Brazilian Rg
942,02/01/2023,16:12:01,2,8,Hell's Kitchen,47,3,Tea,Brewed Green tea,Serenity Green Tea Lg
943,02/01/2023,16:14:09,1,5,Lower Manhattan,30,3,Coffee,Gourmet brewed coffee,Columbian Medium Roast Lg
944,02/01/2023,16:14:09,1,5,Lower Manhattan,78,4.5,Bakery,Scone,Scottish Cream Scone 
945,02/01/2023,16:18:15,2,3,Astoria,53,3,Tea,Brewed Chai tea,Traditional Blend Chai Lg
946,02/01/2023,16:19:33,1,3,Astoria,38,3.75,Coffee,Barista Espresso,Latte
947,02/01/2023,16:19:48,2,5,Lower Manhattan,60,3.75,Drinking Chocolate,Hot chocolate,Sustainably Grown Organic Rg
948,02/01/2023,16:19:48,1,5,Lower Manhattan,78,4.5,Bakery,Scone,Scottish Cream Scone 
949,02/01/2023,16:22:25,1,3,Astoria,48,2.5,Tea,Brewed Black tea,English Breakfast Rg
950,02/01/2023,16:22:30,2,3,Astoria,27,3.5,Coffee,Organic brewed coffee,Brazilian Lg
951,02/01/2023,16:23:50,1,5,Lower Manhattan,26,3,Coffee,Organic brewed coffee,Brazilian Rg
952,02/01/2023,16:26:14,1,3,Astoria,55,4,Tea,Brewed Chai tea,Morning Sunrise Chai Lg
953,02/01/2023,16:26:38,1,3,Astoria,25,2.2,Coffee,Organic brewed coffee,Brazilian Sm
954,02/01/2023,16:26:38,1,3,Astoria,73,3.75,Bakery,Pastry,Almond Croissant
955,02/01/2023,16:26:49,1,8,Hell's Kitchen,54,2.5,Tea,Brewed Chai tea,Morning Sunrise Chai Rg
956,02/01/2023,16:28:26,1,8,Hell's Kitchen,36,3.75,Coffee,Premium brewed coffee,Jamaican Coffee River Lg
957,02/01/2023,16:30:05,1,5,Lower Manhattan,23,2.5,Coffee,Drip coffee,Our Old Time Diner Blend Rg
958,02/01/2023,16:30:07,1,3,Astoria,24,3,Coffee,Drip coffee,Our Old Time Diner Blend Lg
959,02/01/2023,16:30:07,1,3,Astoria,74,3.5,Bakery,Biscotti,Ginger Biscotti
960,02/01/2023,16:30:37,2,8,Hell's Kitchen,53,3,Tea,Brewed Chai tea,Traditional Blend Chai Lg
961,02/01/2023,16:31:20,2,3,Astoria,36,3.75,Coffee,Premium brewed coffee,Jamaican Coffee River Lg
962,02/01/2023,16:31:48,1,8,Hell's Kitchen,52,2.5,Tea,Brewed Chai tea,Traditional Blend Chai Rg
963,02/01/2023,16:32:14,2,3,Astoria,52,2.5,Tea,Brewed Chai tea,Traditional Blend Chai Rg
964,02/01/2023,16:32:25,2,5,Lower Manhattan,50,2.5,Tea,Brewed Black tea,Earl Grey Rg
965,02/01/2023,16:33:17,1,5,Lower Manhattan,57,3.1,Tea,Brewed Chai tea,Spicy Eye Opener Chai Lg
966,02/01/2023,16:33:17,1,5,Lower Manhattan,75,3.5,Bakery,Pastry,Croissant
967,02/01/2023,16:34:50,1,5,Lower Manhattan,50,2.5,Tea,Brewed Black tea,Earl Grey Rg
968,02/01/2023,16:35:22,1,3,Astoria,31,2.2,Coffee,Gourmet brewed coffee,Ethiopia Sm
969,02/01/2023,16:35:22,2,3,Astoria,54,2.5,Tea,Brewed Chai tea,Morning Sunrise Chai Rg
970,02/01/2023,16:35:54,2,8,Hell's Kitchen,49,3,Tea,Brewed Black tea,English Breakfast Lg
971,02/01/2023,16:36:38,1,3,Astoria,32,3,Coffee,Gourmet brewed coffee,Ethiopia Rg
972,02/01/2023,16:41:26,2,5,Lower Manhattan,22,2,Coffee,Drip coffee,Our Old Time Diner Blend Sm
973,02/01/2023,16:42:11,2,3,Astoria,51,3,Tea,Brewed Black tea,Earl Grey Lg
974,02/01/2023,16:42:33,1,5,Lower Manhattan,34,2.45,Coffee,Premium brewed coffee,Jamaican Coffee River Sm
975,02/01/2023,16:42:33,1,5,Lower Manhattan,77,3,Bakery,Scone,Oatmeal Scone
976,02/01/2023,16:43:04,2,3,Astoria,34,2.45,Coffee,Premium brewed coffee,Jamaican Coffee River Sm
977,02/01/2023,16:44:55,2,5,Lower Manhattan,32,3,Coffee,Gourmet brewed coffee,Ethiopia Rg
978,02/01/2023,16:47:01,1,3,Astoria,48,2.5,Tea,Brewed Black tea,English Breakfast Rg
979,02/01/2023,16:49:41,1,3,Astoria,49,3,Tea,Brewed Black tea,English Breakfast Lg
980,02/01/2023,16:50:14,1,8,Hell's Kitchen,25,2.2,Coffee,Organic brewed coffee,Brazilian Sm
981,02/01/2023,16:51:09,2,3,Astoria,34,2.45,Coffee,Premium brewed coffee,Jamaican Coffee River Sm
982,02/01/2023,16:51:09,1,3,Astoria,72,3.25,Bakery,Scone,Ginger Scone
983,02/01/2023,16:55:58,2,3,Astoria,24,3,Coffee,Drip coffee,Our Old Time Diner Blend Lg
984,02/01/2023,16:56:14,1,8,Hell's Kitchen,41,4.25,Coffee,Barista Espresso,Cappuccino Lg
985,02/01/2023,16:59:09,1,5,Lower Manhattan,23,2.5,Coffee,Drip coffee,Our Old Time Diner Blend Rg
986,02/01/2023,17:00:52,1,8,Hell's Kitchen,25,2.2,Coffee,Organic brewed coffee,Brazilian Sm
987,02/01/2023,17:02:06,1,8,Hell's Kitchen,50,2.5,Tea,Brewed Black tea,Earl Grey Rg
988,02/01/2023,17:02:59,2,5,Lower Manhattan,29,2.5,Coffee,Gourmet brewed coffee,Columbian Medium Roast Rg
989,02/01/2023,17:02:59,1,5,Lower Manhattan,77,3,Bakery,Scone,Oatmeal Scone
990,02/01/2023,17:04:56,1,3,Astoria,60,3.75,Drinking Chocolate,Hot chocolate,Sustainably Grown Organic Rg
991,02/01/2023,17:10:24,2,8,Hell's Kitchen,55,4,Tea,Brewed Chai tea,Morning Sunrise Chai Lg
992,02/01/2023,17:10:36,1,8,Hell's Kitchen,33,3.5,Coffee,Gourmet brewed coffee,Ethiopia Lg
993,02/01/2023,17:12:45,2,3,Astoria,42,2.5,Tea,Brewed herbal tea,Lemon Grass Rg
994,02/01/2023,17:13:53,1,8,Hell's Kitchen,43,3,Tea,Brewed herbal tea,Lemon Grass Lg
995,02/01/2023,17:15:28,2,5,Lower Manhattan,27,3.5,Coffee,Organic brewed coffee,Brazilian Lg
996,02/01/2023,17:15:35,2,5,Lower Manhattan,57,3.1,Tea,Brewed Chai tea,Spicy Eye Opener Chai Lg
997,02/01/2023,17:17:00,2,3,Astoria,53,3,Tea,Brewed Chai tea,Traditional Blend Chai Lg
998,02/01/2023,17:17:00,1,3,Astoria,70,3.25,Bakery,Scone,Cranberry Scone
999,02/01/2023,17:18:25,2,5,Lower Manhattan,32,3,Coffee,Gourmet brewed coffee,Ethiopia Rg
